method,metric,dataset,acc
SAX,hist_euclidean,ACSF1,0.48
SAX,hist_euclidean,Adiac,0.2301790281329923
SAX,hist_euclidean,AllGestureWiimoteX,0.3014285714285714
SAX,hist_euclidean,AllGestureWiimoteY,0.29
SAX,hist_euclidean,AllGestureWiimoteZ,0.3114285714285714
SAX,hist_euclidean,ArrowHead,0.5428571428571428
SAX,hist_euclidean,Beef,0.4666666666666667
SAX,hist_euclidean,BeetleFly,0.6
SAX,hist_euclidean,BirdChicken,0.8
SAX,hist_euclidean,BME,0.7
SAX,hist_euclidean,Car,0.4666666666666667
SAX,hist_euclidean,CBF,0.7033333333333334
SAX,hist_euclidean,Chinatown,0.7580174927113703
SAX,hist_euclidean,ChlorineConcentration,0.64453125
SAX,hist_euclidean,CinCECGTorso,0.7275362318840579
SAX,hist_euclidean,Coffee,0.9285714285714286
SAX,hist_euclidean,Computers,0.712
SAX,hist_euclidean,CricketX,0.2102564102564102
SAX,hist_euclidean,CricketY,0.2435897435897435
SAX,hist_euclidean,CricketZ,0.2256410256410256
SAX,hist_euclidean,Crop,0.5108333333333334
SAX,hist_euclidean,DiatomSizeReduction,0.7581699346405228
SAX,hist_euclidean,DistalPhalanxOutlineAgeGroup,0.6330935251798561
SAX,hist_euclidean,DistalPhalanxOutlineCorrect,0.6521739130434783
SAX,hist_euclidean,DistalPhalanxTW,0.5611510791366906
SAX,hist_euclidean,DodgerLoopDay,0.2
SAX,hist_euclidean,DodgerLoopGame,0.5652173913043478
SAX,hist_euclidean,DodgerLoopWeekend,0.7028985507246377
SAX,hist_euclidean,Earthquakes,0.6690647482014388
SAX,hist_euclidean,ECG200,0.67
SAX,hist_euclidean,ECG5000,0.8304444444444444
SAX,hist_euclidean,ECGFiveDays,0.7305458768873403
SAX,hist_euclidean,ElectricDevices,0.6095188691479704
SAX,hist_euclidean,EOGHorizontalSignal,0.1022099447513812
SAX,hist_euclidean,EOGVerticalSignal,0.1022099447513812
SAX,hist_euclidean,EthanolLevel,0.268
SAX,hist_euclidean,FaceAll,0.5171597633136095
SAX,hist_euclidean,FaceFour,0.4659090909090909
SAX,hist_euclidean,FacesUCR,0.5165853658536586
SAX,hist_euclidean,FiftyWords,0.2263736263736263
SAX,hist_euclidean,Fish,0.4342857142857143
SAX,hist_euclidean,FordA,0.7840909090909091
SAX,hist_euclidean,FordB,0.645679012345679
SAX,hist_euclidean,FreezerRegularTrain,0.6768421052631579
SAX,hist_euclidean,FreezerSmallTrain,0.6733333333333333
SAX,hist_euclidean,Fungi,0.1720430107526881
SAX,hist_euclidean,GestureMidAirD1,0.2461538461538461
SAX,hist_euclidean,GestureMidAirD2,0.3076923076923077
SAX,hist_euclidean,GestureMidAirD3,0.1769230769230769
SAX,hist_euclidean,GesturePebbleZ1,0.3081395348837209
SAX,hist_euclidean,GesturePebbleZ2,0.2594936708860759
SAX,hist_euclidean,GunPoint,0.78
SAX,hist_euclidean,GunPointAgeSpan,0.8322784810126582
SAX,hist_euclidean,GunPointMaleVersusFemale,0.8006329113924051
SAX,hist_euclidean,GunPointOldVersusYoung,0.7714285714285715
SAX,hist_euclidean,Ham,0.5714285714285714
SAX,hist_euclidean,HandOutlines,0.6459459459459459
SAX,hist_euclidean,Haptics,0.2792207792207792
SAX,hist_euclidean,Herring,0.5625
SAX,hist_euclidean,HouseTwenty,0.9159663865546218
SAX,hist_euclidean,InlineSkate,0.249090909090909
SAX,hist_euclidean,InsectEPGRegularTrain,0.8955823293172691
SAX,hist_euclidean,InsectEPGSmallTrain,0.8232931726907631
SAX,hist_euclidean,InsectWingbeatSound,0.2191919191919192
SAX,hist_euclidean,ItalyPowerDemand,0.9105928085519922
SAX,hist_euclidean,LargeKitchenAppliances,0.5573333333333333
SAX,hist_euclidean,Lightning2,0.5409836065573771
SAX,hist_euclidean,Lightning7,0.4383561643835616
SAX,hist_euclidean,Mallat,0.5125799573560768
SAX,hist_euclidean,Meat,0.7833333333333333
SAX,hist_euclidean,MedicalImages,0.5144736842105263
SAX,hist_euclidean,MelbournePedestrian,0.6896268962689627
SAX,hist_euclidean,MiddlePhalanxOutlineAgeGroup,0.4805194805194805
SAX,hist_euclidean,MiddlePhalanxOutlineCorrect,0.5979381443298969
SAX,hist_euclidean,MiddlePhalanxTW,0.4415584415584415
SAX,hist_euclidean,MixedShapesRegularTrain,0.6156701030927835
SAX,hist_euclidean,MixedShapesSmallTrain,0.5554639175257732
SAX,hist_euclidean,MoteStrain,0.8634185303514377
SAX,hist_euclidean,NonInvasiveFetalECGThorax1,0.1521628498727735
SAX,hist_euclidean,NonInvasiveFetalECGThorax2,0.1928753180661577
SAX,hist_euclidean,OliveOil,0.8
SAX,hist_euclidean,OSULeaf,0.5619834710743802
SAX,hist_euclidean,PhalangesOutlinesCorrect,0.6398601398601399
SAX,hist_euclidean,Phoneme,0.1967299578059071
SAX,hist_euclidean,PickupGestureWiimoteZ,0.32
SAX,hist_euclidean,PigAirwayPressure,0.1442307692307692
SAX,hist_euclidean,PigArtPressure,0.6634615384615384
SAX,hist_euclidean,PigCVP,0.4759615384615384
SAX,hist_euclidean,PLAID,0.5121042830540037
SAX,hist_euclidean,Plane,0.9428571428571428
SAX,hist_euclidean,PowerCons,0.7611111111111111
SAX,hist_euclidean,ProximalPhalanxOutlineAgeGroup,0.7707317073170732
SAX,hist_euclidean,ProximalPhalanxOutlineCorrect,0.7422680412371134
SAX,hist_euclidean,ProximalPhalanxTW,0.6390243902439025
SAX,hist_euclidean,RefrigerationDevices,0.5306666666666666
SAX,hist_euclidean,Rock,0.72
SAX,hist_euclidean,ScreenType,0.472
SAX,hist_euclidean,SemgHandGenderCh2,0.57
SAX,hist_euclidean,SemgHandMovementCh2,0.1822222222222222
SAX,hist_euclidean,SemgHandSubjectCh2,0.2644444444444444
SAX,hist_euclidean,ShakeGestureWiimoteZ,0.58
SAX,hist_euclidean,ShapeletSim,0.9722222222222222
SAX,hist_euclidean,ShapesAll,0.3116666666666666
SAX,hist_euclidean,SmallKitchenAppliances,0.6613333333333333
SAX,hist_euclidean,SmoothSubspace,0.58
SAX,hist_euclidean,SonyAIBORobotSurface1,0.697171381031614
SAX,hist_euclidean,SonyAIBORobotSurface2,0.8520461699895068
SAX,hist_euclidean,StarLightCurves,0.741500728508985
SAX,hist_euclidean,Strawberry,0.8621621621621621
SAX,hist_euclidean,SwedishLeaf,0.472
SAX,hist_euclidean,Symbols,0.7959798994974875
SAX,hist_euclidean,SyntheticControl,0.7333333333333333
SAX,hist_euclidean,ToeSegmentation1,0.6578947368421053
SAX,hist_euclidean,ToeSegmentation2,0.8076923076923077
SAX,hist_euclidean,Trace,0.7
SAX,hist_euclidean,TwoLeadECG,0.7945566286215979
SAX,hist_euclidean,TwoPatterns,0.50125
SAX,hist_euclidean,UMD,0.8402777777777778
SAX,hist_euclidean,UWaveGestureLibraryAll,0.4265773310999441
SAX,hist_euclidean,UWaveGestureLibraryX,0.3880513679508654
SAX,hist_euclidean,UWaveGestureLibraryY,0.411501954215522
SAX,hist_euclidean,UWaveGestureLibraryZ,0.4022892238972641
SAX,hist_euclidean,Wafer,0.9907527579493836
SAX,hist_euclidean,Wine,0.7962962962962963
SAX,hist_euclidean,WordSynonyms,0.2021943573667711
SAX,hist_euclidean,Worms,0.4805194805194805
SAX,hist_euclidean,WormsTwoClass,0.6363636363636364
SAX,hist_euclidean,Yoga,0.5646666666666667
SAX,boss,ACSF1,0.08
SAX,boss,Adiac,0.227621483375959
SAX,boss,AllGestureWiimoteX,0.29
SAX,boss,AllGestureWiimoteY,0.2785714285714286
SAX,boss,AllGestureWiimoteZ,0.3185714285714285
SAX,boss,ArrowHead,0.5485714285714286
SAX,boss,Beef,0.4666666666666667
SAX,boss,BeetleFly,0.65
SAX,boss,BirdChicken,0.8
SAX,boss,BME,0.7466666666666667
SAX,boss,Car,0.5
SAX,boss,CBF,0.6511111111111111
SAX,boss,Chinatown,0.673469387755102
SAX,boss,ChlorineConcentration,0.6401041666666667
SAX,boss,CinCECGTorso,0.1666666666666666
SAX,boss,Coffee,0.9285714285714286
SAX,boss,Computers,0.616
SAX,boss,CricketX,0.1871794871794871
SAX,boss,CricketY,0.2205128205128205
SAX,boss,CricketZ,0.1743589743589743
SAX,boss,Crop,0.4701785714285714
SAX,boss,DiatomSizeReduction,0.7156862745098039
SAX,boss,DistalPhalanxOutlineAgeGroup,0.6115107913669064
SAX,boss,DistalPhalanxOutlineCorrect,0.6521739130434783
SAX,boss,DistalPhalanxTW,0.5035971223021583
SAX,boss,DodgerLoopDay,0.1625
SAX,boss,DodgerLoopGame,0.6014492753623188
SAX,boss,DodgerLoopWeekend,0.7101449275362319
SAX,boss,Earthquakes,0.7266187050359713
SAX,boss,ECG200,0.71
SAX,boss,ECG5000,0.8124444444444444
SAX,boss,ECGFiveDays,0.6898954703832753
SAX,boss,ElectricDevices,0.6032939955907146
SAX,boss,EOGHorizontalSignal,0.0580110497237569
SAX,boss,EOGVerticalSignal,0.0911602209944751
SAX,boss,EthanolLevel,0.28
SAX,boss,FaceAll,0.4343195266272189
SAX,boss,FaceFour,0.5113636363636364
SAX,boss,FacesUCR,0.4068292682926829
SAX,boss,FiftyWords,0.2043956043956044
SAX,boss,Fish,0.4057142857142857
SAX,boss,FordA,0.7878787878787878
SAX,boss,FordB,0.6259259259259259
SAX,boss,FreezerRegularTrain,0.6652631578947369
SAX,boss,FreezerSmallTrain,0.6828070175438596
SAX,boss,Fungi,0.1774193548387097
SAX,boss,GestureMidAirD1,0.0923076923076923
SAX,boss,GestureMidAirD2,0.0692307692307692
SAX,boss,GestureMidAirD3,0.0923076923076923
SAX,boss,GesturePebbleZ1,0.2848837209302325
SAX,boss,GesturePebbleZ2,0.2658227848101265
SAX,boss,GunPoint,0.74
SAX,boss,GunPointAgeSpan,0.8006329113924051
SAX,boss,GunPointMaleVersusFemale,0.7943037974683544
SAX,boss,GunPointOldVersusYoung,0.8126984126984127
SAX,boss,Ham,0.580952380952381
SAX,boss,HandOutlines,0.354054054054054
SAX,boss,Haptics,0.1558441558441558
SAX,boss,Herring,0.609375
SAX,boss,HouseTwenty,0.9159663865546218
SAX,boss,InlineSkate,0.18
SAX,boss,InsectEPGRegularTrain,0.8835341365461847
SAX,boss,InsectEPGSmallTrain,0.8313253012048193
SAX,boss,InsectWingbeatSound,0.2161616161616161
SAX,boss,ItalyPowerDemand,0.8872691933916423
SAX,boss,LargeKitchenAppliances,0.3253333333333333
SAX,boss,Lightning2,0.5245901639344263
SAX,boss,Lightning7,0.3424657534246575
SAX,boss,Mallat,0.5053304904051172
SAX,boss,Meat,0.8
SAX,boss,MedicalImages,0.475
SAX,boss,MelbournePedestrian,0.6740467404674046
SAX,boss,MiddlePhalanxOutlineAgeGroup,0.4415584415584415
SAX,boss,MiddlePhalanxOutlineCorrect,0.6048109965635738
SAX,boss,MiddlePhalanxTW,0.512987012987013
SAX,boss,MixedShapesRegularTrain,0.0832989690721649
SAX,boss,MixedShapesSmallTrain,0.1550515463917526
SAX,boss,MoteStrain,0.8386581469648562
SAX,boss,NonInvasiveFetalECGThorax1,0.0208651399491094
SAX,boss,NonInvasiveFetalECGThorax2,0.0254452926208651
SAX,boss,OliveOil,0.7666666666666667
SAX,boss,OSULeaf,0.5165289256198347
SAX,boss,PhalangesOutlinesCorrect,0.6456876456876457
SAX,boss,Phoneme,0.0385021097046413
SAX,boss,PickupGestureWiimoteZ,0.32
SAX,boss,PigAirwayPressure,0.0384615384615384
SAX,boss,PigArtPressure,0.0048076923076923
SAX,boss,PigCVP,0.0048076923076923
SAX,boss,PLAID,0.1452513966480447
SAX,boss,Plane,0.9428571428571428
SAX,boss,PowerCons,0.7277777777777777
SAX,boss,ProximalPhalanxOutlineAgeGroup,0.751219512195122
SAX,boss,ProximalPhalanxOutlineCorrect,0.738831615120275
SAX,boss,ProximalPhalanxTW,0.6634146341463415
SAX,boss,RefrigerationDevices,0.4133333333333333
SAX,boss,Rock,0.38
SAX,boss,ScreenType,0.3306666666666666
SAX,boss,SemgHandGenderCh2,0.555
SAX,boss,SemgHandMovementCh2,0.1888888888888888
SAX,boss,SemgHandSubjectCh2,0.2555555555555555
SAX,boss,ShakeGestureWiimoteZ,0.58
SAX,boss,ShapeletSim,0.9666666666666668
SAX,boss,ShapesAll,0.27
SAX,boss,SmallKitchenAppliances,0.3093333333333333
SAX,boss,SmoothSubspace,0.58
SAX,boss,SonyAIBORobotSurface1,0.6505823627287853
SAX,boss,SonyAIBORobotSurface2,0.8163693599160545
SAX,boss,StarLightCurves,0.3331714424477902
SAX,boss,Strawberry,0.8486486486486486
SAX,boss,SwedishLeaf,0.4784
SAX,boss,Symbols,0.3065326633165829
SAX,boss,SyntheticControl,0.67
SAX,boss,ToeSegmentation1,0.631578947368421
SAX,boss,ToeSegmentation2,0.7923076923076923
SAX,boss,Trace,0.71
SAX,boss,TwoLeadECG,0.7805092186128183
SAX,boss,TwoPatterns,0.486
SAX,boss,UMD,0.8125
SAX,boss,UWaveGestureLibraryAll,0.0527638190954773
SAX,boss,UWaveGestureLibraryX,0.2350642099385818
SAX,boss,UWaveGestureLibraryY,0.1652707984366276
SAX,boss,UWaveGestureLibraryZ,0.1878838637632607
SAX,boss,Wafer,0.9883192731992212
SAX,boss,Wine,0.7592592592592593
SAX,boss,WordSynonyms,0.2068965517241379
SAX,boss,Worms,0.2727272727272727
SAX,boss,WormsTwoClass,0.4805194805194805
SAX,boss,Yoga,0.5613333333333334
SAX,cosine_similarity,ACSF1,0.52
SAX,cosine_similarity,Adiac,0.2352941176470588
SAX,cosine_similarity,AllGestureWiimoteX,0.2971428571428571
SAX,cosine_similarity,AllGestureWiimoteY,0.2985714285714286
SAX,cosine_similarity,AllGestureWiimoteZ,0.2885714285714286
SAX,cosine_similarity,ArrowHead,0.52
SAX,cosine_similarity,Beef,0.5333333333333333
SAX,cosine_similarity,BeetleFly,0.85
SAX,cosine_similarity,BirdChicken,0.8
SAX,cosine_similarity,BME,0.6266666666666667
SAX,cosine_similarity,Car,0.4833333333333333
SAX,cosine_similarity,CBF,0.7177777777777777
SAX,cosine_similarity,Chinatown,0.8250728862973761
SAX,cosine_similarity,ChlorineConcentration,0.6458333333333334
SAX,cosine_similarity,CinCECGTorso,0.7492753623188406
SAX,cosine_similarity,Coffee,0.8928571428571429
SAX,cosine_similarity,Computers,0.72
SAX,cosine_similarity,CricketX,0.2128205128205128
SAX,cosine_similarity,CricketY,0.2461538461538461
SAX,cosine_similarity,CricketZ,0.2282051282051282
SAX,cosine_similarity,Crop,0.5016071428571428
SAX,cosine_similarity,DiatomSizeReduction,0.7712418300653595
SAX,cosine_similarity,DistalPhalanxOutlineAgeGroup,0.6187050359712231
SAX,cosine_similarity,DistalPhalanxOutlineCorrect,0.644927536231884
SAX,cosine_similarity,DistalPhalanxTW,0.5323741007194245
SAX,cosine_similarity,DodgerLoopDay,0.175
SAX,cosine_similarity,DodgerLoopGame,0.6014492753623188
SAX,cosine_similarity,DodgerLoopWeekend,0.6884057971014492
SAX,cosine_similarity,Earthquakes,0.697841726618705
SAX,cosine_similarity,ECG200,0.68
SAX,cosine_similarity,ECG5000,0.8266666666666667
SAX,cosine_similarity,ECGFiveDays,0.7619047619047619
SAX,cosine_similarity,ElectricDevices,0.6066658021008948
SAX,cosine_similarity,EOGHorizontalSignal,0.0883977900552486
SAX,cosine_similarity,EOGVerticalSignal,0.074585635359116
SAX,cosine_similarity,EthanolLevel,0.254
SAX,cosine_similarity,FaceAll,0.5
SAX,cosine_similarity,FaceFour,0.4886363636363636
SAX,cosine_similarity,FacesUCR,0.5239024390243903
SAX,cosine_similarity,FiftyWords,0.2329670329670329
SAX,cosine_similarity,Fish,0.4285714285714285
SAX,cosine_similarity,FordA,0.775
SAX,cosine_similarity,FordB,0.6172839506172839
SAX,cosine_similarity,FreezerRegularTrain,0.6691228070175439
SAX,cosine_similarity,FreezerSmallTrain,0.6428070175438596
SAX,cosine_similarity,Fungi,0.1505376344086021
SAX,cosine_similarity,GestureMidAirD1,0.2538461538461538
SAX,cosine_similarity,GestureMidAirD2,0.3307692307692307
SAX,cosine_similarity,GestureMidAirD3,0.1846153846153846
SAX,cosine_similarity,GesturePebbleZ1,0.2965116279069767
SAX,cosine_similarity,GesturePebbleZ2,0.2848101265822785
SAX,cosine_similarity,GunPoint,0.7066666666666667
SAX,cosine_similarity,GunPointAgeSpan,0.8291139240506329
SAX,cosine_similarity,GunPointMaleVersusFemale,0.8132911392405063
SAX,cosine_similarity,GunPointOldVersusYoung,0.7492063492063492
SAX,cosine_similarity,Ham,0.6095238095238096
SAX,cosine_similarity,HandOutlines,0.6405405405405405
SAX,cosine_similarity,Haptics,0.2987012987012987
SAX,cosine_similarity,Herring,0.625
SAX,cosine_similarity,HouseTwenty,0.907563025210084
SAX,cosine_similarity,InlineSkate,0.2345454545454545
SAX,cosine_similarity,InsectEPGRegularTrain,0.9196787148594378
SAX,cosine_similarity,InsectEPGSmallTrain,0.8514056224899599
SAX,cosine_similarity,InsectWingbeatSound,0.207070707070707
SAX,cosine_similarity,ItalyPowerDemand,0.9105928085519922
SAX,cosine_similarity,LargeKitchenAppliances,0.5866666666666667
SAX,cosine_similarity,Lightning2,0.5081967213114754
SAX,cosine_similarity,Lightning7,0.3835616438356164
SAX,cosine_similarity,Mallat,0.4660980810234542
SAX,cosine_similarity,Meat,0.8
SAX,cosine_similarity,MedicalImages,0.5144736842105263
SAX,cosine_similarity,MelbournePedestrian,0.6994669946699467
SAX,cosine_similarity,MiddlePhalanxOutlineAgeGroup,0.461038961038961
SAX,cosine_similarity,MiddlePhalanxOutlineCorrect,0.5876288659793815
SAX,cosine_similarity,MiddlePhalanxTW,0.4155844155844156
SAX,cosine_similarity,MixedShapesRegularTrain,0.6441237113402062
SAX,cosine_similarity,MixedShapesSmallTrain,0.603298969072165
SAX,cosine_similarity,MoteStrain,0.8522364217252396
SAX,cosine_similarity,NonInvasiveFetalECGThorax1,0.1465648854961832
SAX,cosine_similarity,NonInvasiveFetalECGThorax2,0.1872773536895674
SAX,cosine_similarity,OliveOil,0.7333333333333333
SAX,cosine_similarity,OSULeaf,0.5909090909090909
SAX,cosine_similarity,PhalangesOutlinesCorrect,0.6375291375291375
SAX,cosine_similarity,Phoneme,0.2088607594936709
SAX,cosine_similarity,PickupGestureWiimoteZ,0.26
SAX,cosine_similarity,PigAirwayPressure,0.1875
SAX,cosine_similarity,PigArtPressure,0.7548076923076923
SAX,cosine_similarity,PigCVP,0.5384615384615384
SAX,cosine_similarity,PLAID,0.521415270018622
SAX,cosine_similarity,Plane,0.9333333333333332
SAX,cosine_similarity,PowerCons,0.7722222222222223
SAX,cosine_similarity,ProximalPhalanxOutlineAgeGroup,0.751219512195122
SAX,cosine_similarity,ProximalPhalanxOutlineCorrect,0.738831615120275
SAX,cosine_similarity,ProximalPhalanxTW,0.6682926829268293
SAX,cosine_similarity,RefrigerationDevices,0.5306666666666666
SAX,cosine_similarity,Rock,0.72
SAX,cosine_similarity,ScreenType,0.4453333333333333
SAX,cosine_similarity,SemgHandGenderCh2,0.5866666666666667
SAX,cosine_similarity,SemgHandMovementCh2,0.2
SAX,cosine_similarity,SemgHandSubjectCh2,0.2555555555555555
SAX,cosine_similarity,ShakeGestureWiimoteZ,0.62
SAX,cosine_similarity,ShapeletSim,0.9722222222222222
SAX,cosine_similarity,ShapesAll,0.335
SAX,cosine_similarity,SmallKitchenAppliances,0.688
SAX,cosine_similarity,SmoothSubspace,0.6133333333333333
SAX,cosine_similarity,SonyAIBORobotSurface1,0.7021630615640599
SAX,cosine_similarity,SonyAIBORobotSurface2,0.8551941238195173
SAX,cosine_similarity,StarLightCurves,0.7382224380767363
SAX,cosine_similarity,Strawberry,0.8648648648648649
SAX,cosine_similarity,SwedishLeaf,0.4688
SAX,cosine_similarity,Symbols,0.7909547738693468
SAX,cosine_similarity,SyntheticControl,0.7166666666666667
SAX,cosine_similarity,ToeSegmentation1,0.6666666666666666
SAX,cosine_similarity,ToeSegmentation2,0.8
SAX,cosine_similarity,Trace,0.72
SAX,cosine_similarity,TwoLeadECG,0.7936786654960492
SAX,cosine_similarity,TwoPatterns,0.51375
SAX,cosine_similarity,UMD,0.7916666666666666
SAX,cosine_similarity,UWaveGestureLibraryAll,0.4293690675600223
SAX,cosine_similarity,UWaveGestureLibraryX,0.3930764935790061
SAX,cosine_similarity,UWaveGestureLibraryY,0.4120603015075377
SAX,cosine_similarity,UWaveGestureLibraryZ,0.4106644332774986
SAX,cosine_similarity,Wafer,0.9892926670992862
SAX,cosine_similarity,Wine,0.7962962962962963
SAX,cosine_similarity,WordSynonyms,0.2288401253918495
SAX,cosine_similarity,Worms,0.5454545454545454
SAX,cosine_similarity,WormsTwoClass,0.6883116883116883
SAX,cosine_similarity,Yoga,0.5693333333333334
SAX,kl,ACSF1,0.57
SAX,kl,Adiac,0.2046035805626598
SAX,kl,AllGestureWiimoteX,0.1942857142857142
SAX,kl,AllGestureWiimoteY,0.1714285714285714
SAX,kl,AllGestureWiimoteZ,0.1857142857142857
SAX,kl,ArrowHead,0.2571428571428571
SAX,kl,Beef,0.4666666666666667
SAX,kl,BeetleFly,0.75
SAX,kl,BirdChicken,0.6
SAX,kl,BME,0.4866666666666667
SAX,kl,Car,0.2
SAX,kl,CBF,0.6577777777777778
SAX,kl,Chinatown,0.8688046647230321
SAX,kl,ChlorineConcentration,0.61796875
SAX,kl,CinCECGTorso,0.5239130434782608
SAX,kl,Coffee,0.6428571428571429
SAX,kl,Computers,0.684
SAX,kl,CricketX,0.1205128205128205
SAX,kl,CricketY,0.1384615384615384
SAX,kl,CricketZ,0.0974358974358974
SAX,kl,Crop,0.4747023809523809
SAX,kl,DiatomSizeReduction,0.8627450980392157
SAX,kl,DistalPhalanxOutlineAgeGroup,0.60431654676259
SAX,kl,DistalPhalanxOutlineCorrect,0.5905797101449275
SAX,kl,DistalPhalanxTW,0.5467625899280576
SAX,kl,DodgerLoopDay,0.2
SAX,kl,DodgerLoopGame,0.4927536231884058
SAX,kl,DodgerLoopWeekend,0.5942028985507246
SAX,kl,Earthquakes,0.6546762589928058
SAX,kl,ECG200,0.64
SAX,kl,ECG5000,0.7655555555555555
SAX,kl,ECGFiveDays,0.6957026713124274
SAX,kl,ElectricDevices,0.597328491765011
SAX,kl,EOGHorizontalSignal,0.0690607734806629
SAX,kl,EOGVerticalSignal,0.0828729281767955
SAX,kl,EthanolLevel,0.27
SAX,kl,FaceAll,0.3278106508875739
SAX,kl,FaceFour,0.4204545454545454
SAX,kl,FacesUCR,0.3663414634146341
SAX,kl,FiftyWords,0.1252747252747252
SAX,kl,Fish,0.28
SAX,kl,FordA,0.6348484848484849
SAX,kl,FordB,0.5901234567901235
SAX,kl,FreezerRegularTrain,0.5512280701754386
SAX,kl,FreezerSmallTrain,0.5291228070175439
SAX,kl,Fungi,0.1075268817204301
SAX,kl,GestureMidAirD1,0.3076923076923077
SAX,kl,GestureMidAirD2,0.2230769230769231
SAX,kl,GestureMidAirD3,0.1461538461538461
SAX,kl,GesturePebbleZ1,0.2151162790697674
SAX,kl,GesturePebbleZ2,0.2658227848101265
SAX,kl,GunPoint,0.6733333333333333
SAX,kl,GunPointAgeSpan,0.6424050632911392
SAX,kl,GunPointMaleVersusFemale,0.6582278481012658
SAX,kl,GunPointOldVersusYoung,0.6317460317460317
SAX,kl,Ham,0.5333333333333333
SAX,kl,HandOutlines,0.5594594594594594
SAX,kl,Haptics,0.2694805194805195
SAX,kl,Herring,0.59375
SAX,kl,HouseTwenty,0.8823529411764706
SAX,kl,InlineSkate,0.249090909090909
SAX,kl,InsectEPGRegularTrain,0.6224899598393574
SAX,kl,InsectEPGSmallTrain,0.7309236947791165
SAX,kl,InsectWingbeatSound,0.1787878787878788
SAX,kl,ItalyPowerDemand,0.901846452866861
SAX,kl,LargeKitchenAppliances,0.6373333333333333
SAX,kl,Lightning2,0.5901639344262295
SAX,kl,Lightning7,0.273972602739726
SAX,kl,Mallat,0.5978678038379531
SAX,kl,Meat,0.6833333333333333
SAX,kl,MedicalImages,0.4710526315789474
SAX,kl,MelbournePedestrian,0.6814268142681427
SAX,kl,MiddlePhalanxOutlineAgeGroup,0.4805194805194805
SAX,kl,MiddlePhalanxOutlineCorrect,0.5807560137457045
SAX,kl,MiddlePhalanxTW,0.435064935064935
SAX,kl,MixedShapesRegularTrain,0.4672164948453608
SAX,kl,MixedShapesSmallTrain,0.4457731958762886
SAX,kl,MoteStrain,0.7212460063897763
SAX,kl,NonInvasiveFetalECGThorax1,0.0590330788804071
SAX,kl,NonInvasiveFetalECGThorax2,0.0671755725190839
SAX,kl,OliveOil,0.4
SAX,kl,OSULeaf,0.4256198347107438
SAX,kl,PhalangesOutlinesCorrect,0.6282051282051282
SAX,kl,Phoneme,0.1904008438818565
SAX,kl,PickupGestureWiimoteZ,0.4
SAX,kl,PigAirwayPressure,0.1971153846153846
SAX,kl,PigArtPressure,0.5961538461538461
SAX,kl,PigCVP,0.1971153846153846
SAX,kl,PLAID,0.5400372439478585
SAX,kl,Plane,0.8857142857142857
SAX,kl,PowerCons,0.7944444444444444
SAX,kl,ProximalPhalanxOutlineAgeGroup,0.8146341463414634
SAX,kl,ProximalPhalanxOutlineCorrect,0.7594501718213058
SAX,kl,ProximalPhalanxTW,0.6195121951219512
SAX,kl,RefrigerationDevices,0.4826666666666667
SAX,kl,Rock,0.54
SAX,kl,ScreenType,0.4506666666666666
SAX,kl,SemgHandGenderCh2,0.46
SAX,kl,SemgHandMovementCh2,0.1711111111111111
SAX,kl,SemgHandSubjectCh2,0.24
SAX,kl,ShakeGestureWiimoteZ,0.42
SAX,kl,ShapeletSim,0.7166666666666667
SAX,kl,ShapesAll,0.1866666666666666
SAX,kl,SmallKitchenAppliances,0.7066666666666667
SAX,kl,SmoothSubspace,0.6266666666666667
SAX,kl,SonyAIBORobotSurface1,0.6039933444259568
SAX,kl,SonyAIBORobotSurface2,0.8551941238195173
SAX,kl,StarLightCurves,0.7126032054395337
SAX,kl,Strawberry,0.8135135135135135
SAX,kl,SwedishLeaf,0.4064
SAX,kl,Symbols,0.7768844221105528
SAX,kl,SyntheticControl,0.7766666666666666
SAX,kl,ToeSegmentation1,0.7105263157894737
SAX,kl,ToeSegmentation2,0.6384615384615384
SAX,kl,Trace,0.71
SAX,kl,TwoLeadECG,0.8235294117647058
SAX,kl,TwoPatterns,0.41975
SAX,kl,UMD,0.5972222222222222
SAX,kl,UWaveGestureLibraryAll,0.3199329983249581
SAX,kl,UWaveGestureLibraryX,0.3065326633165829
SAX,kl,UWaveGestureLibraryY,0.3336125069793411
SAX,kl,UWaveGestureLibraryZ,0.3230039084310441
SAX,kl,Wafer,0.982154445165477
SAX,kl,Wine,0.7037037037037037
SAX,kl,WordSynonyms,0.1598746081504702
SAX,kl,Worms,0.4935064935064935
SAX,kl,WormsTwoClass,0.6493506493506493
SAX,kl,Yoga,0.5166666666666667
SFA,hist_euclidean,ACSF1,0.4
SFA,hist_euclidean,Adiac,0.4245524296675191
SFA,hist_euclidean,AllGestureWiimoteX,0.3142857142857143
SFA,hist_euclidean,AllGestureWiimoteY,0.3
SFA,hist_euclidean,AllGestureWiimoteZ,0.3157142857142857
SFA,hist_euclidean,ArrowHead,0.48
SFA,hist_euclidean,Beef,0.6333333333333333
SFA,hist_euclidean,BeetleFly,0.75
SFA,hist_euclidean,BirdChicken,0.95
SFA,hist_euclidean,BME,0.42
SFA,hist_euclidean,Car,0.4833333333333333
SFA,hist_euclidean,CBF,0.62
SFA,hist_euclidean,Chinatown,0.880466472303207
SFA,hist_euclidean,ChlorineConcentration,0.6372395833333333
SFA,hist_euclidean,CinCECGTorso,0.8695652173913043
SFA,hist_euclidean,Coffee,1.0
SFA,hist_euclidean,Computers,0.664
SFA,hist_euclidean,CricketX,0.1615384615384615
SFA,hist_euclidean,CricketY,0.1794871794871795
SFA,hist_euclidean,CricketZ,0.2102564102564102
SFA,hist_euclidean,Crop,0.5086904761904761
SFA,hist_euclidean,DiatomSizeReduction,0.8202614379084967
SFA,hist_euclidean,DistalPhalanxOutlineAgeGroup,0.6690647482014388
SFA,hist_euclidean,DistalPhalanxOutlineCorrect,0.6920289855072463
SFA,hist_euclidean,DistalPhalanxTW,0.5755395683453237
SFA,hist_euclidean,DodgerLoopDay,0.175
SFA,hist_euclidean,DodgerLoopGame,0.6014492753623188
SFA,hist_euclidean,DodgerLoopWeekend,0.5797101449275363
SFA,hist_euclidean,Earthquakes,0.7122302158273381
SFA,hist_euclidean,ECG200,0.66
SFA,hist_euclidean,ECG5000,0.834
SFA,hist_euclidean,ECGFiveDays,0.7456445993031359
SFA,hist_euclidean,ElectricDevices,0.5983659706912203
SFA,hist_euclidean,EOGHorizontalSignal,0.1270718232044199
SFA,hist_euclidean,EOGVerticalSignal,0.074585635359116
SFA,hist_euclidean,EthanolLevel,0.28
SFA,hist_euclidean,FaceAll,0.5242603550295858
SFA,hist_euclidean,FaceFour,0.5340909090909091
SFA,hist_euclidean,FacesUCR,0.5521951219512196
SFA,hist_euclidean,FiftyWords,0.2329670329670329
SFA,hist_euclidean,Fish,0.6971428571428572
SFA,hist_euclidean,FordA,0.7765151515151515
SFA,hist_euclidean,FordB,0.6308641975308642
SFA,hist_euclidean,FreezerRegularTrain,0.6182456140350877
SFA,hist_euclidean,FreezerSmallTrain,0.6407017543859649
SFA,hist_euclidean,Fungi,0.2365591397849462
SFA,hist_euclidean,GestureMidAirD1,0.3692307692307692
SFA,hist_euclidean,GestureMidAirD2,0.3846153846153846
SFA,hist_euclidean,GestureMidAirD3,0.2076923076923077
SFA,hist_euclidean,GesturePebbleZ1,0.3197674418604651
SFA,hist_euclidean,GesturePebbleZ2,0.2088607594936709
SFA,hist_euclidean,GunPoint,0.7466666666666667
SFA,hist_euclidean,GunPointAgeSpan,0.8512658227848101
SFA,hist_euclidean,GunPointMaleVersusFemale,0.879746835443038
SFA,hist_euclidean,GunPointOldVersusYoung,0.8126984126984127
SFA,hist_euclidean,Ham,0.5238095238095238
SFA,hist_euclidean,HandOutlines,0.6189189189189189
SFA,hist_euclidean,Haptics,0.3116883116883117
SFA,hist_euclidean,Herring,0.515625
SFA,hist_euclidean,HouseTwenty,0.8739495798319328
SFA,hist_euclidean,InlineSkate,0.289090909090909
SFA,hist_euclidean,InsectEPGRegularTrain,0.8674698795180723
SFA,hist_euclidean,InsectEPGSmallTrain,0.7911646586345381
SFA,hist_euclidean,InsectWingbeatSound,0.2181818181818181
SFA,hist_euclidean,ItalyPowerDemand,0.9173955296404276
SFA,hist_euclidean,LargeKitchenAppliances,0.432
SFA,hist_euclidean,Lightning2,0.5737704918032787
SFA,hist_euclidean,Lightning7,0.4246575342465753
SFA,hist_euclidean,Mallat,0.5837953091684435
SFA,hist_euclidean,Meat,0.7
SFA,hist_euclidean,MedicalImages,0.4828947368421052
SFA,hist_euclidean,MelbournePedestrian,0.7228372283722837
SFA,hist_euclidean,MiddlePhalanxOutlineAgeGroup,0.4805194805194805
SFA,hist_euclidean,MiddlePhalanxOutlineCorrect,0.6219931271477663
SFA,hist_euclidean,MiddlePhalanxTW,0.4415584415584415
SFA,hist_euclidean,MixedShapesRegularTrain,0.8465979381443299
SFA,hist_euclidean,MixedShapesSmallTrain,0.8185567010309278
SFA,hist_euclidean,MoteStrain,0.896964856230032
SFA,hist_euclidean,NonInvasiveFetalECGThorax1,0.1603053435114503
SFA,hist_euclidean,NonInvasiveFetalECGThorax2,0.2076335877862595
SFA,hist_euclidean,OliveOil,0.7666666666666667
SFA,hist_euclidean,OSULeaf,0.7892561983471075
SFA,hist_euclidean,PhalangesOutlinesCorrect,0.6585081585081585
SFA,hist_euclidean,Phoneme,0.2394514767932489
SFA,hist_euclidean,PickupGestureWiimoteZ,0.32
SFA,hist_euclidean,PigAirwayPressure,0.3413461538461538
SFA,hist_euclidean,PigArtPressure,0.9134615384615384
SFA,hist_euclidean,PigCVP,0.7067307692307693
SFA,hist_euclidean,PLAID,0.590316573556797
SFA,hist_euclidean,Plane,1.0
SFA,hist_euclidean,PowerCons,0.7333333333333333
SFA,hist_euclidean,ProximalPhalanxOutlineAgeGroup,0.7609756097560976
SFA,hist_euclidean,ProximalPhalanxOutlineCorrect,0.7353951890034365
SFA,hist_euclidean,ProximalPhalanxTW,0.7219512195121951
SFA,hist_euclidean,RefrigerationDevices,0.4746666666666667
SFA,hist_euclidean,Rock,0.8
SFA,hist_euclidean,ScreenType,0.3333333333333333
SFA,hist_euclidean,SemgHandGenderCh2,0.48
SFA,hist_euclidean,SemgHandMovementCh2,0.1866666666666666
SFA,hist_euclidean,SemgHandSubjectCh2,0.1911111111111111
SFA,hist_euclidean,ShakeGestureWiimoteZ,0.62
SFA,hist_euclidean,ShapeletSim,0.85
SFA,hist_euclidean,ShapesAll,0.4866666666666667
SFA,hist_euclidean,SmallKitchenAppliances,0.6933333333333334
SFA,hist_euclidean,SmoothSubspace,0.56
SFA,hist_euclidean,SonyAIBORobotSurface1,0.6788685524126455
SFA,hist_euclidean,SonyAIBORobotSurface2,0.8530954879328436
SFA,hist_euclidean,StarLightCurves,0.8222438076736279
SFA,hist_euclidean,Strawberry,0.9297297297297298
SFA,hist_euclidean,SwedishLeaf,0.6864
SFA,hist_euclidean,Symbols,0.8231155778894472
SFA,hist_euclidean,SyntheticControl,0.64
SFA,hist_euclidean,ToeSegmentation1,0.6798245614035088
SFA,hist_euclidean,ToeSegmentation2,0.8307692307692308
SFA,hist_euclidean,Trace,0.65
SFA,hist_euclidean,TwoLeadECG,0.8437225636523266
SFA,hist_euclidean,TwoPatterns,0.5365
SFA,hist_euclidean,UMD,0.625
SFA,hist_euclidean,UWaveGestureLibraryAll,0.4341150195421552
SFA,hist_euclidean,UWaveGestureLibraryX,0.3992183137911781
SFA,hist_euclidean,UWaveGestureLibraryY,0.4170854271356783
SFA,hist_euclidean,UWaveGestureLibraryZ,0.3989391401451703
SFA,hist_euclidean,Wafer,0.9972420506164827
SFA,hist_euclidean,Wine,0.6666666666666666
SFA,hist_euclidean,WordSynonyms,0.2272727272727272
SFA,hist_euclidean,Worms,0.4935064935064935
SFA,hist_euclidean,WormsTwoClass,0.5974025974025974
SFA,hist_euclidean,Yoga,0.642
SFA,boss,ACSF1,0.4
SFA,boss,Adiac,0.3938618925831202
SFA,boss,AllGestureWiimoteX,0.3114285714285714
SFA,boss,AllGestureWiimoteY,0.2942857142857142
SFA,boss,AllGestureWiimoteZ,0.3185714285714285
SFA,boss,ArrowHead,0.5428571428571428
SFA,boss,Beef,0.5666666666666667
SFA,boss,BeetleFly,0.75
SFA,boss,BirdChicken,0.95
SFA,boss,BME,0.6133333333333333
SFA,boss,Car,0.4333333333333333
SFA,boss,CBF,0.5766666666666667
SFA,boss,Chinatown,0.8221574344023324
SFA,boss,ChlorineConcentration,0.63359375
SFA,boss,CinCECGTorso,0.8586956521739131
SFA,boss,Coffee,0.8571428571428571
SFA,boss,Computers,0.68
SFA,boss,CricketX,0.1641025641025641
SFA,boss,CricketY,0.1923076923076923
SFA,boss,CricketZ,0.182051282051282
SFA,boss,Crop,0.5011904761904762
SFA,boss,DiatomSizeReduction,0.7973856209150327
SFA,boss,DistalPhalanxOutlineAgeGroup,0.6402877697841727
SFA,boss,DistalPhalanxOutlineCorrect,0.6702898550724637
SFA,boss,DistalPhalanxTW,0.5611510791366906
SFA,boss,DodgerLoopDay,0.1875
SFA,boss,DodgerLoopGame,0.5507246376811594
SFA,boss,DodgerLoopWeekend,0.644927536231884
SFA,boss,Earthquakes,0.7050359712230215
SFA,boss,ECG200,0.69
SFA,boss,ECG5000,0.7884444444444444
SFA,boss,ECGFiveDays,0.7282229965156795
SFA,boss,ElectricDevices,0.6035533653222669
SFA,boss,EOGHorizontalSignal,0.1215469613259668
SFA,boss,EOGVerticalSignal,0.0828729281767955
SFA,boss,EthanolLevel,0.288
SFA,boss,FaceAll,0.4609467455621301
SFA,boss,FaceFour,0.5113636363636364
SFA,boss,FacesUCR,0.4760975609756097
SFA,boss,FiftyWords,0.2263736263736263
SFA,boss,Fish,0.6571428571428571
SFA,boss,FordA,0.7924242424242425
SFA,boss,FordB,0.6592592592592592
SFA,boss,FreezerRegularTrain,0.6091228070175438
SFA,boss,FreezerSmallTrain,0.5957894736842105
SFA,boss,Fungi,0.1881720430107527
SFA,boss,GestureMidAirD1,0.3538461538461538
SFA,boss,GestureMidAirD2,0.3230769230769231
SFA,boss,GestureMidAirD3,0.123076923076923
SFA,boss,GesturePebbleZ1,0.3081395348837209
SFA,boss,GesturePebbleZ2,0.1962025316455696
SFA,boss,GunPoint,0.7533333333333333
SFA,boss,GunPointAgeSpan,0.8417721518987342
SFA,boss,GunPointMaleVersusFemale,0.8670886075949367
SFA,boss,GunPointOldVersusYoung,0.8063492063492064
SFA,boss,Ham,0.5142857142857142
SFA,boss,HandOutlines,0.6189189189189189
SFA,boss,Haptics,0.2954545454545454
SFA,boss,Herring,0.5625
SFA,boss,HouseTwenty,0.8739495798319328
SFA,boss,InlineSkate,0.2836363636363636
SFA,boss,InsectEPGRegularTrain,0.8313253012048193
SFA,boss,InsectEPGSmallTrain,0.7469879518072289
SFA,boss,InsectWingbeatSound,0.2196969696969697
SFA,boss,ItalyPowerDemand,0.902818270165209
SFA,boss,LargeKitchenAppliances,0.4133333333333333
SFA,boss,Lightning2,0.5901639344262295
SFA,boss,Lightning7,0.3972602739726027
SFA,boss,Mallat,0.579957356076759
SFA,boss,Meat,0.6833333333333333
SFA,boss,MedicalImages,0.4644736842105263
SFA,boss,MelbournePedestrian,0.7056170561705617
SFA,boss,MiddlePhalanxOutlineAgeGroup,0.512987012987013
SFA,boss,MiddlePhalanxOutlineCorrect,0.6219931271477663
SFA,boss,MiddlePhalanxTW,0.4805194805194805
SFA,boss,MixedShapesRegularTrain,0.8437113402061855
SFA,boss,MixedShapesSmallTrain,0.8169072164948453
SFA,boss,MoteStrain,0.8610223642172524
SFA,boss,NonInvasiveFetalECGThorax1,0.1725190839694656
SFA,boss,NonInvasiveFetalECGThorax2,0.1969465648854962
SFA,boss,OliveOil,0.7333333333333333
SFA,boss,OSULeaf,0.7479338842975206
SFA,boss,PhalangesOutlinesCorrect,0.6666666666666666
SFA,boss,Phoneme,0.2362869198312236
SFA,boss,PickupGestureWiimoteZ,0.34
SFA,boss,PigAirwayPressure,0.3413461538461538
SFA,boss,PigArtPressure,0.9134615384615384
SFA,boss,PigCVP,0.7115384615384616
SFA,boss,PLAID,0.5884543761638734
SFA,boss,Plane,0.9904761904761904
SFA,boss,PowerCons,0.7666666666666667
SFA,boss,ProximalPhalanxOutlineAgeGroup,0.7560975609756098
SFA,boss,ProximalPhalanxOutlineCorrect,0.7353951890034365
SFA,boss,ProximalPhalanxTW,0.6878048780487804
SFA,boss,RefrigerationDevices,0.4666666666666667
SFA,boss,Rock,0.8
SFA,boss,ScreenType,0.3333333333333333
SFA,boss,SemgHandGenderCh2,0.48
SFA,boss,SemgHandMovementCh2,0.2
SFA,boss,SemgHandSubjectCh2,0.1933333333333333
SFA,boss,ShakeGestureWiimoteZ,0.52
SFA,boss,ShapeletSim,0.8833333333333333
SFA,boss,ShapesAll,0.4483333333333333
SFA,boss,SmallKitchenAppliances,0.696
SFA,boss,SmoothSubspace,0.5266666666666666
SFA,boss,SonyAIBORobotSurface1,0.653910149750416
SFA,boss,SonyAIBORobotSurface2,0.838405036726128
SFA,boss,StarLightCurves,0.8216367168528412
SFA,boss,Strawberry,0.9243243243243244
SFA,boss,SwedishLeaf,0.6512
SFA,boss,Symbols,0.7819095477386935
SFA,boss,SyntheticControl,0.6266666666666667
SFA,boss,ToeSegmentation1,0.7105263157894737
SFA,boss,ToeSegmentation2,0.8307692307692308
SFA,boss,Trace,0.61
SFA,boss,TwoLeadECG,0.7708516242317822
SFA,boss,TwoPatterns,0.52325
SFA,boss,UMD,0.7847222222222222
SFA,boss,UWaveGestureLibraryAll,0.4276940256839754
SFA,boss,UWaveGestureLibraryX,0.3752093802345058
SFA,boss,UWaveGestureLibraryY,0.3997766610831937
SFA,boss,UWaveGestureLibraryZ,0.3754885538805136
SFA,boss,Wafer,0.9980532121998702
SFA,boss,Wine,0.6666666666666666
SFA,boss,WordSynonyms,0.2272727272727272
SFA,boss,Worms,0.4805194805194805
SFA,boss,WormsTwoClass,0.5714285714285714
SFA,boss,Yoga,0.6236666666666667
SFA,cosine_similarity,ACSF1,0.31
SFA,cosine_similarity,Adiac,0.4501278772378516
SFA,cosine_similarity,AllGestureWiimoteX,0.3242857142857143
SFA,cosine_similarity,AllGestureWiimoteY,0.2928571428571428
SFA,cosine_similarity,AllGestureWiimoteZ,0.2928571428571428
SFA,cosine_similarity,ArrowHead,0.4914285714285714
SFA,cosine_similarity,Beef,0.6333333333333333
SFA,cosine_similarity,BeetleFly,0.75
SFA,cosine_similarity,BirdChicken,0.85
SFA,cosine_similarity,BME,0.3933333333333333
SFA,cosine_similarity,Car,0.4666666666666667
SFA,cosine_similarity,CBF,0.6533333333333333
SFA,cosine_similarity,Chinatown,0.8833819241982507
SFA,cosine_similarity,ChlorineConcentration,0.6369791666666667
SFA,cosine_similarity,CinCECGTorso,0.8905797101449275
SFA,cosine_similarity,Coffee,0.9285714285714286
SFA,cosine_similarity,Computers,0.68
SFA,cosine_similarity,CricketX,0.1743589743589743
SFA,cosine_similarity,CricketY,0.2102564102564102
SFA,cosine_similarity,CricketZ,0.2205128205128205
SFA,cosine_similarity,Crop,0.5166666666666667
SFA,cosine_similarity,DiatomSizeReduction,0.8104575163398693
SFA,cosine_similarity,DistalPhalanxOutlineAgeGroup,0.6690647482014388
SFA,cosine_similarity,DistalPhalanxOutlineCorrect,0.6413043478260869
SFA,cosine_similarity,DistalPhalanxTW,0.5467625899280576
SFA,cosine_similarity,DodgerLoopDay,0.2
SFA,cosine_similarity,DodgerLoopGame,0.5869565217391305
SFA,cosine_similarity,DodgerLoopWeekend,0.6014492753623188
SFA,cosine_similarity,Earthquakes,0.6762589928057554
SFA,cosine_similarity,ECG200,0.64
SFA,cosine_similarity,ECG5000,0.854
SFA,cosine_similarity,ECGFiveDays,0.7328687572590011
SFA,cosine_similarity,ElectricDevices,0.5864349630398132
SFA,cosine_similarity,EOGHorizontalSignal,0.1243093922651933
SFA,cosine_similarity,EOGVerticalSignal,0.0718232044198895
SFA,cosine_similarity,EthanolLevel,0.288
SFA,cosine_similarity,FaceAll,0.5266272189349113
SFA,cosine_similarity,FaceFour,0.5568181818181818
SFA,cosine_similarity,FacesUCR,0.56
SFA,cosine_similarity,FiftyWords,0.2241758241758241
SFA,cosine_similarity,Fish,0.7142857142857143
SFA,cosine_similarity,FordA,0.7878787878787878
SFA,cosine_similarity,FordB,0.6444444444444445
SFA,cosine_similarity,FreezerRegularTrain,0.6407017543859649
SFA,cosine_similarity,FreezerSmallTrain,0.6540350877192982
SFA,cosine_similarity,Fungi,0.2096774193548387
SFA,cosine_similarity,GestureMidAirD1,0.3615384615384615
SFA,cosine_similarity,GestureMidAirD2,0.3153846153846154
SFA,cosine_similarity,GestureMidAirD3,0.1615384615384615
SFA,cosine_similarity,GesturePebbleZ1,0.3430232558139535
SFA,cosine_similarity,GesturePebbleZ2,0.2341772151898734
SFA,cosine_similarity,GunPoint,0.7866666666666666
SFA,cosine_similarity,GunPointAgeSpan,0.8512658227848101
SFA,cosine_similarity,GunPointMaleVersusFemale,0.8734177215189873
SFA,cosine_similarity,GunPointOldVersusYoung,0.8063492063492064
SFA,cosine_similarity,Ham,0.5047619047619047
SFA,cosine_similarity,HandOutlines,0.6189189189189189
SFA,cosine_similarity,Haptics,0.3441558441558441
SFA,cosine_similarity,Herring,0.5625
SFA,cosine_similarity,HouseTwenty,0.8823529411764706
SFA,cosine_similarity,InlineSkate,0.2854545454545454
SFA,cosine_similarity,InsectEPGRegularTrain,0.8634538152610441
SFA,cosine_similarity,InsectEPGSmallTrain,0.7791164658634538
SFA,cosine_similarity,InsectWingbeatSound,0.2217171717171717
SFA,cosine_similarity,ItalyPowerDemand,0.912536443148688
SFA,cosine_similarity,LargeKitchenAppliances,0.4586666666666666
SFA,cosine_similarity,Lightning2,0.5409836065573771
SFA,cosine_similarity,Lightning7,0.4246575342465753
SFA,cosine_similarity,Mallat,0.55863539445629
SFA,cosine_similarity,Meat,0.6833333333333333
SFA,cosine_similarity,MedicalImages,0.4868421052631579
SFA,cosine_similarity,MelbournePedestrian,0.7277572775727758
SFA,cosine_similarity,MiddlePhalanxOutlineAgeGroup,0.487012987012987
SFA,cosine_similarity,MiddlePhalanxOutlineCorrect,0.5738831615120275
SFA,cosine_similarity,MiddlePhalanxTW,0.4545454545454545
SFA,cosine_similarity,MixedShapesRegularTrain,0.8391752577319588
SFA,cosine_similarity,MixedShapesSmallTrain,0.8193814432989691
SFA,cosine_similarity,MoteStrain,0.8825878594249201
SFA,cosine_similarity,NonInvasiveFetalECGThorax1,0.1633587786259542
SFA,cosine_similarity,NonInvasiveFetalECGThorax2,0.2086513994910941
SFA,cosine_similarity,OliveOil,0.8
SFA,cosine_similarity,OSULeaf,0.7975206611570248
SFA,cosine_similarity,PhalangesOutlinesCorrect,0.6678321678321678
SFA,cosine_similarity,Phoneme,0.2463080168776371
SFA,cosine_similarity,PickupGestureWiimoteZ,0.34
SFA,cosine_similarity,PigAirwayPressure,0.3509615384615384
SFA,cosine_similarity,PigArtPressure,0.9182692307692308
SFA,cosine_similarity,PigCVP,0.6923076923076923
SFA,cosine_similarity,PLAID,0.5754189944134078
SFA,cosine_similarity,Plane,1.0
SFA,cosine_similarity,PowerCons,0.7666666666666667
SFA,cosine_similarity,ProximalPhalanxOutlineAgeGroup,0.7463414634146341
SFA,cosine_similarity,ProximalPhalanxOutlineCorrect,0.718213058419244
SFA,cosine_similarity,ProximalPhalanxTW,0.7170731707317073
SFA,cosine_similarity,RefrigerationDevices,0.464
SFA,cosine_similarity,Rock,0.8
SFA,cosine_similarity,ScreenType,0.3226666666666666
SFA,cosine_similarity,SemgHandGenderCh2,0.4866666666666667
SFA,cosine_similarity,SemgHandMovementCh2,0.1977777777777777
SFA,cosine_similarity,SemgHandSubjectCh2,0.2044444444444444
SFA,cosine_similarity,ShakeGestureWiimoteZ,0.58
SFA,cosine_similarity,ShapeletSim,0.8444444444444444
SFA,cosine_similarity,ShapesAll,0.4833333333333333
SFA,cosine_similarity,SmallKitchenAppliances,0.6266666666666667
SFA,cosine_similarity,SmoothSubspace,0.56
SFA,cosine_similarity,SonyAIBORobotSurface1,0.6755407653910149
SFA,cosine_similarity,SonyAIBORobotSurface2,0.8551941238195173
SFA,cosine_similarity,StarLightCurves,0.8211510441962118
SFA,cosine_similarity,Strawberry,0.9297297297297298
SFA,cosine_similarity,SwedishLeaf,0.688
SFA,cosine_similarity,Symbols,0.8462311557788945
SFA,cosine_similarity,SyntheticControl,0.6433333333333333
SFA,cosine_similarity,ToeSegmentation1,0.7105263157894737
SFA,cosine_similarity,ToeSegmentation2,0.8461538461538461
SFA,cosine_similarity,Trace,0.72
SFA,cosine_similarity,TwoLeadECG,0.8419666374012291
SFA,cosine_similarity,TwoPatterns,0.5355
SFA,cosine_similarity,UMD,0.6319444444444444
SFA,cosine_similarity,UWaveGestureLibraryAll,0.4371859296482412
SFA,cosine_similarity,UWaveGestureLibraryX,0.4003350083752093
SFA,cosine_similarity,UWaveGestureLibraryY,0.428252372975991
SFA,cosine_similarity,UWaveGestureLibraryZ,0.411501954215522
SFA,cosine_similarity,Wafer,0.9964308890330954
SFA,cosine_similarity,Wine,0.7222222222222222
SFA,cosine_similarity,WordSynonyms,0.2398119122257053
SFA,cosine_similarity,Worms,0.4545454545454545
SFA,cosine_similarity,WormsTwoClass,0.5974025974025974
SFA,cosine_similarity,Yoga,0.645
SFA,kl,ACSF1,0.3
SFA,kl,Adiac,0.2148337595907928
SFA,kl,AllGestureWiimoteX,0.1757142857142857
SFA,kl,AllGestureWiimoteY,0.19
SFA,kl,AllGestureWiimoteZ,0.1614285714285714
SFA,kl,ArrowHead,0.4457142857142857
SFA,kl,Beef,0.5333333333333333
SFA,kl,BeetleFly,0.75
SFA,kl,BirdChicken,0.75
SFA,kl,BME,0.42
SFA,kl,Car,0.2666666666666666
SFA,kl,CBF,0.6011111111111112
SFA,kl,Chinatown,0.880466472303207
SFA,kl,ChlorineConcentration,0.6432291666666666
SFA,kl,CinCECGTorso,0.5144927536231884
SFA,kl,Coffee,0.5714285714285714
SFA,kl,Computers,0.636
SFA,kl,CricketX,0.1128205128205128
SFA,kl,CricketY,0.141025641025641
SFA,kl,CricketZ,0.1589743589743589
SFA,kl,Crop,0.5119047619047619
SFA,kl,DiatomSizeReduction,0.7254901960784313
SFA,kl,DistalPhalanxOutlineAgeGroup,0.6690647482014388
SFA,kl,DistalPhalanxOutlineCorrect,0.6485507246376812
SFA,kl,DistalPhalanxTW,0.5683453237410072
SFA,kl,DodgerLoopDay,0.2125
SFA,kl,DodgerLoopGame,0.572463768115942
SFA,kl,DodgerLoopWeekend,0.6159420289855072
SFA,kl,Earthquakes,0.6546762589928058
SFA,kl,ECG200,0.67
SFA,kl,ECG5000,0.7877777777777778
SFA,kl,ECGFiveDays,0.6504065040650406
SFA,kl,ElectricDevices,0.6010893528725197
SFA,kl,EOGHorizontalSignal,0.0994475138121546
SFA,kl,EOGVerticalSignal,0.0966850828729281
SFA,kl,EthanolLevel,0.236
SFA,kl,FaceAll,0.4923076923076923
SFA,kl,FaceFour,0.375
SFA,kl,FacesUCR,0.5170731707317073
SFA,kl,FiftyWords,0.123076923076923
SFA,kl,Fish,0.44
SFA,kl,FordA,0.6818181818181818
SFA,kl,FordB,0.562962962962963
SFA,kl,FreezerRegularTrain,0.5859649122807018
SFA,kl,FreezerSmallTrain,0.604561403508772
SFA,kl,Fungi,0.1021505376344086
SFA,kl,GestureMidAirD1,0.1923076923076923
SFA,kl,GestureMidAirD2,0.2384615384615384
SFA,kl,GestureMidAirD3,0.1076923076923077
SFA,kl,GesturePebbleZ1,0.2325581395348837
SFA,kl,GesturePebbleZ2,0.2468354430379747
SFA,kl,GunPoint,0.74
SFA,kl,GunPointAgeSpan,0.7468354430379747
SFA,kl,GunPointMaleVersusFemale,0.759493670886076
SFA,kl,GunPointOldVersusYoung,0.780952380952381
SFA,kl,Ham,0.4761904761904761
SFA,kl,HandOutlines,0.572972972972973
SFA,kl,Haptics,0.288961038961039
SFA,kl,Herring,0.59375
SFA,kl,HouseTwenty,0.8739495798319328
SFA,kl,InlineSkate,0.1854545454545454
SFA,kl,InsectEPGRegularTrain,0.6305220883534136
SFA,kl,InsectEPGSmallTrain,0.4417670682730923
SFA,kl,InsectWingbeatSound,0.1762626262626262
SFA,kl,ItalyPowerDemand,0.9096209912536444
SFA,kl,LargeKitchenAppliances,0.4453333333333333
SFA,kl,Lightning2,0.5573770491803278
SFA,kl,Lightning7,0.2328767123287671
SFA,kl,Mallat,0.6742004264392324
SFA,kl,Meat,0.6166666666666667
SFA,kl,MedicalImages,0.4776315789473684
SFA,kl,MelbournePedestrian,0.7248872488724887
SFA,kl,MiddlePhalanxOutlineAgeGroup,0.487012987012987
SFA,kl,MiddlePhalanxOutlineCorrect,0.5498281786941581
SFA,kl,MiddlePhalanxTW,0.461038961038961
SFA,kl,MixedShapesRegularTrain,0.5843298969072165
SFA,kl,MixedShapesSmallTrain,0.5455670103092783
SFA,kl,MoteStrain,0.8570287539936102
SFA,kl,NonInvasiveFetalECGThorax1,0.0508905852417302
SFA,kl,NonInvasiveFetalECGThorax2,0.0513994910941475
SFA,kl,OliveOil,0.8666666666666667
SFA,kl,OSULeaf,0.5289256198347108
SFA,kl,PhalangesOutlinesCorrect,0.6293706293706294
SFA,kl,Phoneme,0.145042194092827
SFA,kl,PickupGestureWiimoteZ,0.18
SFA,kl,PigAirwayPressure,0.1875
SFA,kl,PigArtPressure,0.6538461538461539
SFA,kl,PigCVP,0.1442307692307692
SFA,kl,PLAID,0.5679702048417132
SFA,kl,Plane,1.0
SFA,kl,PowerCons,0.7277777777777777
SFA,kl,ProximalPhalanxOutlineAgeGroup,0.7853658536585366
SFA,kl,ProximalPhalanxOutlineCorrect,0.7319587628865979
SFA,kl,ProximalPhalanxTW,0.6390243902439025
SFA,kl,RefrigerationDevices,0.488
SFA,kl,Rock,0.64
SFA,kl,ScreenType,0.3173333333333333
SFA,kl,SemgHandGenderCh2,0.4516666666666666
SFA,kl,SemgHandMovementCh2,0.1688888888888889
SFA,kl,SemgHandSubjectCh2,0.1622222222222222
SFA,kl,ShakeGestureWiimoteZ,0.48
SFA,kl,ShapeletSim,0.6166666666666667
SFA,kl,ShapesAll,0.2183333333333333
SFA,kl,SmallKitchenAppliances,0.6293333333333333
SFA,kl,SmoothSubspace,0.5733333333333334
SFA,kl,SonyAIBORobotSurface1,0.6655574043261231
SFA,kl,SonyAIBORobotSurface2,0.8793284365162645
SFA,kl,StarLightCurves,0.7520641087906751
SFA,kl,Strawberry,0.9
SFA,kl,SwedishLeaf,0.5712
SFA,kl,Symbols,0.678391959798995
SFA,kl,SyntheticControl,0.6333333333333333
SFA,kl,ToeSegmentation1,0.7368421052631579
SFA,kl,ToeSegmentation2,0.4615384615384615
SFA,kl,Trace,0.66
SFA,kl,TwoLeadECG,0.8340649692712906
SFA,kl,TwoPatterns,0.4105
SFA,kl,UMD,0.625
SFA,kl,UWaveGestureLibraryAll,0.248464544946957
SFA,kl,UWaveGestureLibraryX,0.2797319932998325
SFA,kl,UWaveGestureLibraryY,0.2808486878838637
SFA,kl,UWaveGestureLibraryZ,0.285036292573981
SFA,kl,Wafer,0.9892926670992862
SFA,kl,Wine,0.7592592592592593
SFA,kl,WordSynonyms,0.164576802507837
SFA,kl,Worms,0.5584415584415584
SFA,kl,WormsTwoClass,0.7012987012987013
SFA,kl,Yoga,0.5253333333333333
SPARTAN,hist_euclidean,ACSF1,0.56
SPARTAN,hist_euclidean,Adiac,0.5728900255754475
SPARTAN,hist_euclidean,AllGestureWiimoteX,0.44
SPARTAN,hist_euclidean,AllGestureWiimoteY,0.5128571428571429
SPARTAN,hist_euclidean,AllGestureWiimoteZ,0.4528571428571428
SPARTAN,hist_euclidean,ArrowHead,0.7771428571428571
SPARTAN,hist_euclidean,Beef,0.8
SPARTAN,hist_euclidean,BeetleFly,0.85
SPARTAN,hist_euclidean,BirdChicken,0.9
SPARTAN,hist_euclidean,BME,0.5533333333333333
SPARTAN,hist_euclidean,Car,0.7166666666666667
SPARTAN,hist_euclidean,CBF,0.9166666666666666
SPARTAN,hist_euclidean,Chinatown,0.8483965014577259
SPARTAN,hist_euclidean,ChlorineConcentration,0.61328125
SPARTAN,hist_euclidean,CinCECGTorso,0.6797101449275362
SPARTAN,hist_euclidean,Coffee,0.9642857142857144
SPARTAN,hist_euclidean,Computers,0.668
SPARTAN,hist_euclidean,CricketX,0.4666666666666667
SPARTAN,hist_euclidean,CricketY,0.482051282051282
SPARTAN,hist_euclidean,CricketZ,0.5
SPARTAN,hist_euclidean,Crop,0.5957142857142858
SPARTAN,hist_euclidean,DiatomSizeReduction,0.954248366013072
SPARTAN,hist_euclidean,DistalPhalanxOutlineAgeGroup,0.6402877697841727
SPARTAN,hist_euclidean,DistalPhalanxOutlineCorrect,0.6920289855072463
SPARTAN,hist_euclidean,DistalPhalanxTW,0.6115107913669064
SPARTAN,hist_euclidean,DodgerLoopDay,0.225
SPARTAN,hist_euclidean,DodgerLoopGame,0.5434782608695652
SPARTAN,hist_euclidean,DodgerLoopWeekend,0.7246376811594203
SPARTAN,hist_euclidean,Earthquakes,0.7338129496402878
SPARTAN,hist_euclidean,ECG200,0.81
SPARTAN,hist_euclidean,ECG5000,0.8933333333333333
SPARTAN,hist_euclidean,ECGFiveDays,0.7921022067363531
SPARTAN,hist_euclidean,ElectricDevices,0.5308001556218389
SPARTAN,hist_euclidean,EOGHorizontalSignal,0.3453038674033149
SPARTAN,hist_euclidean,EOGVerticalSignal,0.2624309392265193
SPARTAN,hist_euclidean,EthanolLevel,0.314
SPARTAN,hist_euclidean,FaceAll,0.6644970414201183
SPARTAN,hist_euclidean,FaceFour,0.8636363636363636
SPARTAN,hist_euclidean,FacesUCR,0.7721951219512195
SPARTAN,hist_euclidean,FiftyWords,0.3978021978021978
SPARTAN,hist_euclidean,Fish,0.7142857142857143
SPARTAN,hist_euclidean,FordA,0.806060606060606
SPARTAN,hist_euclidean,FordB,0.6382716049382716
SPARTAN,hist_euclidean,FreezerRegularTrain,0.9301754385964912
SPARTAN,hist_euclidean,FreezerSmallTrain,0.8856140350877193
SPARTAN,hist_euclidean,Fungi,0.5268817204301075
SPARTAN,hist_euclidean,GestureMidAirD1,0.5692307692307692
SPARTAN,hist_euclidean,GestureMidAirD2,0.4538461538461538
SPARTAN,hist_euclidean,GestureMidAirD3,0.2615384615384615
SPARTAN,hist_euclidean,GesturePebbleZ1,0.6744186046511628
SPARTAN,hist_euclidean,GesturePebbleZ2,0.6075949367088608
SPARTAN,hist_euclidean,GunPoint,0.9533333333333334
SPARTAN,hist_euclidean,GunPointAgeSpan,0.9651898734177216
SPARTAN,hist_euclidean,GunPointMaleVersusFemale,0.9841772151898734
SPARTAN,hist_euclidean,GunPointOldVersusYoung,0.8857142857142857
SPARTAN,hist_euclidean,Ham,0.5619047619047619
SPARTAN,hist_euclidean,HandOutlines,0.7081081081081081
SPARTAN,hist_euclidean,Haptics,0.3084415584415584
SPARTAN,hist_euclidean,Herring,0.484375
SPARTAN,hist_euclidean,HouseTwenty,0.9243697478991596
SPARTAN,hist_euclidean,InlineSkate,0.3436363636363636
SPARTAN,hist_euclidean,InsectEPGRegularTrain,0.8674698795180723
SPARTAN,hist_euclidean,InsectEPGSmallTrain,0.7871485943775101
SPARTAN,hist_euclidean,InsectWingbeatSound,0.2323232323232323
SPARTAN,hist_euclidean,ItalyPowerDemand,0.9008746355685132
SPARTAN,hist_euclidean,LargeKitchenAppliances,0.5946666666666667
SPARTAN,hist_euclidean,Lightning2,0.6721311475409836
SPARTAN,hist_euclidean,Lightning7,0.5753424657534246
SPARTAN,hist_euclidean,Mallat,0.8200426439232409
SPARTAN,hist_euclidean,Meat,0.9333333333333332
SPARTAN,hist_euclidean,MedicalImages,0.593421052631579
SPARTAN,hist_euclidean,MelbournePedestrian,0.7355473554735548
SPARTAN,hist_euclidean,MiddlePhalanxOutlineAgeGroup,0.5
SPARTAN,hist_euclidean,MiddlePhalanxOutlineCorrect,0.6013745704467354
SPARTAN,hist_euclidean,MiddlePhalanxTW,0.538961038961039
SPARTAN,hist_euclidean,MixedShapesRegularTrain,0.9232989690721648
SPARTAN,hist_euclidean,MixedShapesSmallTrain,0.8577319587628865
SPARTAN,hist_euclidean,MoteStrain,0.9329073482428116
SPARTAN,hist_euclidean,NonInvasiveFetalECGThorax1,0.3918575063613231
SPARTAN,hist_euclidean,NonInvasiveFetalECGThorax2,0.4651399491094147
SPARTAN,hist_euclidean,OliveOil,0.9
SPARTAN,hist_euclidean,OSULeaf,0.8512396694214877
SPARTAN,hist_euclidean,PhalangesOutlinesCorrect,0.7226107226107226
SPARTAN,hist_euclidean,Phoneme,0.2315400843881856
SPARTAN,hist_euclidean,PickupGestureWiimoteZ,0.5
SPARTAN,hist_euclidean,PigAirwayPressure,0.2932692307692308
SPARTAN,hist_euclidean,PigArtPressure,0.9759615384615384
SPARTAN,hist_euclidean,PigCVP,0.7884615384615384
SPARTAN,hist_euclidean,PLAID,0.750465549348231
SPARTAN,hist_euclidean,Plane,0.9904761904761904
SPARTAN,hist_euclidean,PowerCons,0.8611111111111112
SPARTAN,hist_euclidean,ProximalPhalanxOutlineAgeGroup,0.7707317073170732
SPARTAN,hist_euclidean,ProximalPhalanxOutlineCorrect,0.7938144329896907
SPARTAN,hist_euclidean,ProximalPhalanxTW,0.7073170731707317
SPARTAN,hist_euclidean,RefrigerationDevices,0.4453333333333333
SPARTAN,hist_euclidean,Rock,0.56
SPARTAN,hist_euclidean,ScreenType,0.496
SPARTAN,hist_euclidean,SemgHandGenderCh2,0.72
SPARTAN,hist_euclidean,SemgHandMovementCh2,0.4422222222222222
SPARTAN,hist_euclidean,SemgHandSubjectCh2,0.6488888888888888
SPARTAN,hist_euclidean,ShakeGestureWiimoteZ,0.62
SPARTAN,hist_euclidean,ShapeletSim,0.5666666666666667
SPARTAN,hist_euclidean,ShapesAll,0.805
SPARTAN,hist_euclidean,SmallKitchenAppliances,0.5893333333333334
SPARTAN,hist_euclidean,SmoothSubspace,0.4266666666666667
SPARTAN,hist_euclidean,SonyAIBORobotSurface1,0.7321131447587355
SPARTAN,hist_euclidean,SonyAIBORobotSurface2,0.7974816369359916
SPARTAN,hist_euclidean,StarLightCurves,0.9519184069936862
SPARTAN,hist_euclidean,Strawberry,0.945945945945946
SPARTAN,hist_euclidean,SwedishLeaf,0.7888
SPARTAN,hist_euclidean,Symbols,0.9386934673366836
SPARTAN,hist_euclidean,SyntheticControl,0.8966666666666666
SPARTAN,hist_euclidean,ToeSegmentation1,0.8640350877192983
SPARTAN,hist_euclidean,ToeSegmentation2,0.7538461538461538
SPARTAN,hist_euclidean,Trace,0.83
SPARTAN,hist_euclidean,TwoLeadECG,0.9350307287093942
SPARTAN,hist_euclidean,TwoPatterns,0.754
SPARTAN,hist_euclidean,UMD,0.875
SPARTAN,hist_euclidean,UWaveGestureLibraryAll,0.6063651591289783
SPARTAN,hist_euclidean,UWaveGestureLibraryX,0.5025125628140703
SPARTAN,hist_euclidean,UWaveGestureLibraryY,0.4369067560022334
SPARTAN,hist_euclidean,UWaveGestureLibraryZ,0.5120044667783361
SPARTAN,hist_euclidean,Wafer,0.97874756651525
SPARTAN,hist_euclidean,Wine,0.5740740740740741
SPARTAN,hist_euclidean,WordSynonyms,0.335423197492163
SPARTAN,hist_euclidean,Worms,0.6623376623376623
SPARTAN,hist_euclidean,WormsTwoClass,0.7142857142857143
SPARTAN,hist_euclidean,Yoga,0.8096666666666666
SPARTAN,boss,ACSF1,0.57
SPARTAN,boss,Adiac,0.5140664961636828
SPARTAN,boss,AllGestureWiimoteX,0.4114285714285714
SPARTAN,boss,AllGestureWiimoteY,0.4757142857142857
SPARTAN,boss,AllGestureWiimoteZ,0.4028571428571428
SPARTAN,boss,ArrowHead,0.7257142857142858
SPARTAN,boss,Beef,0.7333333333333333
SPARTAN,boss,BeetleFly,0.85
SPARTAN,boss,BirdChicken,0.9
SPARTAN,boss,BME,0.5533333333333333
SPARTAN,boss,Car,0.6166666666666667
SPARTAN,boss,CBF,0.8833333333333333
SPARTAN,boss,Chinatown,0.8483965014577259
SPARTAN,boss,ChlorineConcentration,0.6080729166666666
SPARTAN,boss,CinCECGTorso,0.6579710144927536
SPARTAN,boss,Coffee,0.9285714285714286
SPARTAN,boss,Computers,0.62
SPARTAN,boss,CricketX,0.4
SPARTAN,boss,CricketY,0.3948717948717948
SPARTAN,boss,CricketZ,0.4205128205128205
SPARTAN,boss,Crop,0.5991666666666666
SPARTAN,boss,DiatomSizeReduction,0.869281045751634
SPARTAN,boss,DistalPhalanxOutlineAgeGroup,0.60431654676259
SPARTAN,boss,DistalPhalanxOutlineCorrect,0.6847826086956522
SPARTAN,boss,DistalPhalanxTW,0.6546762589928058
SPARTAN,boss,DodgerLoopDay,0.2125
SPARTAN,boss,DodgerLoopGame,0.5797101449275363
SPARTAN,boss,DodgerLoopWeekend,0.6231884057971014
SPARTAN,boss,Earthquakes,0.6690647482014388
SPARTAN,boss,ECG200,0.85
SPARTAN,boss,ECG5000,0.8897777777777778
SPARTAN,boss,ECGFiveDays,0.7642276422764228
SPARTAN,boss,ElectricDevices,0.5301517312929581
SPARTAN,boss,EOGHorizontalSignal,0.3204419889502762
SPARTAN,boss,EOGVerticalSignal,0.2707182320441988
SPARTAN,boss,EthanolLevel,0.318
SPARTAN,boss,FaceAll,0.678698224852071
SPARTAN,boss,FaceFour,0.75
SPARTAN,boss,FacesUCR,0.7434146341463415
SPARTAN,boss,FiftyWords,0.3758241758241758
SPARTAN,boss,Fish,0.6914285714285714
SPARTAN,boss,FordA,0.7696969696969697
SPARTAN,boss,FordB,0.6172839506172839
SPARTAN,boss,FreezerRegularTrain,0.9157894736842104
SPARTAN,boss,FreezerSmallTrain,0.86
SPARTAN,boss,Fungi,0.478494623655914
SPARTAN,boss,GestureMidAirD1,0.4153846153846154
SPARTAN,boss,GestureMidAirD2,0.4230769230769231
SPARTAN,boss,GestureMidAirD3,0.1769230769230769
SPARTAN,boss,GesturePebbleZ1,0.627906976744186
SPARTAN,boss,GesturePebbleZ2,0.5506329113924051
SPARTAN,boss,GunPoint,0.94
SPARTAN,boss,GunPointAgeSpan,0.9335443037974684
SPARTAN,boss,GunPointMaleVersusFemale,0.9778481012658228
SPARTAN,boss,GunPointOldVersusYoung,0.9111111111111112
SPARTAN,boss,Ham,0.6095238095238096
SPARTAN,boss,HandOutlines,0.6837837837837838
SPARTAN,boss,Haptics,0.2792207792207792
SPARTAN,boss,Herring,0.53125
SPARTAN,boss,HouseTwenty,0.907563025210084
SPARTAN,boss,InlineSkate,0.3236363636363636
SPARTAN,boss,InsectEPGRegularTrain,0.8674698795180723
SPARTAN,boss,InsectEPGSmallTrain,0.7630522088353414
SPARTAN,boss,InsectWingbeatSound,0.2626262626262626
SPARTAN,boss,ItalyPowerDemand,0.8950437317784257
SPARTAN,boss,LargeKitchenAppliances,0.6106666666666667
SPARTAN,boss,Lightning2,0.6721311475409836
SPARTAN,boss,Lightning7,0.5205479452054794
SPARTAN,boss,Mallat,0.8042643923240939
SPARTAN,boss,Meat,0.9333333333333332
SPARTAN,boss,MedicalImages,0.5842105263157895
SPARTAN,boss,MelbournePedestrian,0.7289872898728987
SPARTAN,boss,MiddlePhalanxOutlineAgeGroup,0.5194805194805194
SPARTAN,boss,MiddlePhalanxOutlineCorrect,0.6288659793814433
SPARTAN,boss,MiddlePhalanxTW,0.461038961038961
SPARTAN,boss,MixedShapesRegularTrain,0.9018556701030928
SPARTAN,boss,MixedShapesSmallTrain,0.8334020618556701
SPARTAN,boss,MoteStrain,0.8722044728434505
SPARTAN,boss,NonInvasiveFetalECGThorax1,0.3486005089058524
SPARTAN,boss,NonInvasiveFetalECGThorax2,0.4239185750636132
SPARTAN,boss,OliveOil,0.8333333333333334
SPARTAN,boss,OSULeaf,0.7768595041322314
SPARTAN,boss,PhalangesOutlinesCorrect,0.7144522144522144
SPARTAN,boss,Phoneme,0.2241561181434599
SPARTAN,boss,PickupGestureWiimoteZ,0.36
SPARTAN,boss,PigAirwayPressure,0.2980769230769231
SPARTAN,boss,PigArtPressure,0.9759615384615384
SPARTAN,boss,PigCVP,0.7788461538461539
SPARTAN,boss,PLAID,0.7467411545623837
SPARTAN,boss,Plane,1.0
SPARTAN,boss,PowerCons,0.8611111111111112
SPARTAN,boss,ProximalPhalanxOutlineAgeGroup,0.7707317073170732
SPARTAN,boss,ProximalPhalanxOutlineCorrect,0.7560137457044673
SPARTAN,boss,ProximalPhalanxTW,0.6439024390243903
SPARTAN,boss,RefrigerationDevices,0.4533333333333333
SPARTAN,boss,Rock,0.54
SPARTAN,boss,ScreenType,0.5226666666666666
SPARTAN,boss,SemgHandGenderCh2,0.7133333333333334
SPARTAN,boss,SemgHandMovementCh2,0.4444444444444444
SPARTAN,boss,SemgHandSubjectCh2,0.6644444444444444
SPARTAN,boss,ShakeGestureWiimoteZ,0.56
SPARTAN,boss,ShapeletSim,0.5388888888888889
SPARTAN,boss,ShapesAll,0.7266666666666667
SPARTAN,boss,SmallKitchenAppliances,0.5626666666666666
SPARTAN,boss,SmoothSubspace,0.42
SPARTAN,boss,SonyAIBORobotSurface1,0.7321131447587355
SPARTAN,boss,SonyAIBORobotSurface2,0.7817418677859391
SPARTAN,boss,StarLightCurves,0.9312773190869356
SPARTAN,boss,Strawberry,0.9486486486486486
SPARTAN,boss,SwedishLeaf,0.7984
SPARTAN,boss,Symbols,0.8904522613065327
SPARTAN,boss,SyntheticControl,0.87
SPARTAN,boss,ToeSegmentation1,0.8114035087719298
SPARTAN,boss,ToeSegmentation2,0.7769230769230769
SPARTAN,boss,Trace,0.82
SPARTAN,boss,TwoLeadECG,0.9113257243195786
SPARTAN,boss,TwoPatterns,0.721
SPARTAN,boss,UMD,0.8263888888888888
SPARTAN,boss,UWaveGestureLibraryAll,0.5569514237855946
SPARTAN,boss,UWaveGestureLibraryX,0.4745951982132886
SPARTAN,boss,UWaveGestureLibraryY,0.4416527079843663
SPARTAN,boss,UWaveGestureLibraryZ,0.4651032942490229
SPARTAN,boss,Wafer,0.9776119402985076
SPARTAN,boss,Wine,0.5740740740740741
SPARTAN,boss,WordSynonyms,0.3573667711598746
SPARTAN,boss,Worms,0.6753246753246753
SPARTAN,boss,WormsTwoClass,0.7272727272727273
SPARTAN,boss,Yoga,0.7916666666666666
SPARTAN,cosine_similarity,ACSF1,0.57
SPARTAN,cosine_similarity,Adiac,0.5805626598465473
SPARTAN,cosine_similarity,AllGestureWiimoteX,0.4628571428571428
SPARTAN,cosine_similarity,AllGestureWiimoteY,0.5385714285714286
SPARTAN,cosine_similarity,AllGestureWiimoteZ,0.48
SPARTAN,cosine_similarity,ArrowHead,0.7942857142857143
SPARTAN,cosine_similarity,Beef,0.8333333333333334
SPARTAN,cosine_similarity,BeetleFly,0.85
SPARTAN,cosine_similarity,BirdChicken,0.9
SPARTAN,cosine_similarity,BME,0.5733333333333334
SPARTAN,cosine_similarity,Car,0.7166666666666667
SPARTAN,cosine_similarity,CBF,0.9322222222222222
SPARTAN,cosine_similarity,Chinatown,0.8483965014577259
SPARTAN,cosine_similarity,ChlorineConcentration,0.6153645833333333
SPARTAN,cosine_similarity,CinCECGTorso,0.7028985507246377
SPARTAN,cosine_similarity,Coffee,0.9285714285714286
SPARTAN,cosine_similarity,Computers,0.672
SPARTAN,cosine_similarity,CricketX,0.4666666666666667
SPARTAN,cosine_similarity,CricketY,0.4641025641025641
SPARTAN,cosine_similarity,CricketZ,0.482051282051282
SPARTAN,cosine_similarity,Crop,0.6032738095238095
SPARTAN,cosine_similarity,DiatomSizeReduction,0.9248366013071896
SPARTAN,cosine_similarity,DistalPhalanxOutlineAgeGroup,0.6330935251798561
SPARTAN,cosine_similarity,DistalPhalanxOutlineCorrect,0.7028985507246377
SPARTAN,cosine_similarity,DistalPhalanxTW,0.6402877697841727
SPARTAN,cosine_similarity,DodgerLoopDay,0.2625
SPARTAN,cosine_similarity,DodgerLoopGame,0.5579710144927537
SPARTAN,cosine_similarity,DodgerLoopWeekend,0.7681159420289855
SPARTAN,cosine_similarity,Earthquakes,0.7266187050359713
SPARTAN,cosine_similarity,ECG200,0.86
SPARTAN,cosine_similarity,ECG5000,0.9006666666666666
SPARTAN,cosine_similarity,ECGFiveDays,0.7909407665505227
SPARTAN,cosine_similarity,ElectricDevices,0.5566074439112956
SPARTAN,cosine_similarity,EOGHorizontalSignal,0.3480662983425414
SPARTAN,cosine_similarity,EOGVerticalSignal,0.287292817679558
SPARTAN,cosine_similarity,EthanolLevel,0.298
SPARTAN,cosine_similarity,FaceAll,0.7106508875739646
SPARTAN,cosine_similarity,FaceFour,0.9204545454545454
SPARTAN,cosine_similarity,FacesUCR,0.8146341463414634
SPARTAN,cosine_similarity,FiftyWords,0.4439560439560439
SPARTAN,cosine_similarity,Fish,0.7542857142857143
SPARTAN,cosine_similarity,FordA,0.8007575757575758
SPARTAN,cosine_similarity,FordB,0.591358024691358
SPARTAN,cosine_similarity,FreezerRegularTrain,0.9396491228070176
SPARTAN,cosine_similarity,FreezerSmallTrain,0.8585964912280701
SPARTAN,cosine_similarity,Fungi,0.553763440860215
SPARTAN,cosine_similarity,GestureMidAirD1,0.5692307692307692
SPARTAN,cosine_similarity,GestureMidAirD2,0.5461538461538461
SPARTAN,cosine_similarity,GestureMidAirD3,0.3
SPARTAN,cosine_similarity,GesturePebbleZ1,0.7325581395348837
SPARTAN,cosine_similarity,GesturePebbleZ2,0.6645569620253164
SPARTAN,cosine_similarity,GunPoint,0.96
SPARTAN,cosine_similarity,GunPointAgeSpan,0.9588607594936708
SPARTAN,cosine_similarity,GunPointMaleVersusFemale,0.9841772151898734
SPARTAN,cosine_similarity,GunPointOldVersusYoung,0.8888888888888888
SPARTAN,cosine_similarity,Ham,0.5047619047619047
SPARTAN,cosine_similarity,HandOutlines,0.7189189189189189
SPARTAN,cosine_similarity,Haptics,0.3311688311688311
SPARTAN,cosine_similarity,Herring,0.4375
SPARTAN,cosine_similarity,HouseTwenty,0.9411764705882352
SPARTAN,cosine_similarity,InlineSkate,0.3636363636363636
SPARTAN,cosine_similarity,InsectEPGRegularTrain,0.8795180722891566
SPARTAN,cosine_similarity,InsectEPGSmallTrain,0.7951807228915663
SPARTAN,cosine_similarity,InsectWingbeatSound,0.2616161616161616
SPARTAN,cosine_similarity,ItalyPowerDemand,0.9037900874635568
SPARTAN,cosine_similarity,LargeKitchenAppliances,0.5973333333333334
SPARTAN,cosine_similarity,Lightning2,0.6721311475409836
SPARTAN,cosine_similarity,Lightning7,0.5342465753424658
SPARTAN,cosine_similarity,Mallat,0.8068230277185501
SPARTAN,cosine_similarity,Meat,0.9166666666666666
SPARTAN,cosine_similarity,MedicalImages,0.6026315789473684
SPARTAN,cosine_similarity,MelbournePedestrian,0.7347273472734728
SPARTAN,cosine_similarity,MiddlePhalanxOutlineAgeGroup,0.5324675324675324
SPARTAN,cosine_similarity,MiddlePhalanxOutlineCorrect,0.6391752577319587
SPARTAN,cosine_similarity,MiddlePhalanxTW,0.4935064935064935
SPARTAN,cosine_similarity,MixedShapesRegularTrain,0.914639175257732
SPARTAN,cosine_similarity,MixedShapesSmallTrain,0.8560824742268042
SPARTAN,cosine_similarity,MoteStrain,0.915335463258786
SPARTAN,cosine_similarity,NonInvasiveFetalECGThorax1,0.3928753180661578
SPARTAN,cosine_similarity,NonInvasiveFetalECGThorax2,0.4590330788804071
SPARTAN,cosine_similarity,OliveOil,0.9
SPARTAN,cosine_similarity,OSULeaf,0.8553719008264463
SPARTAN,cosine_similarity,PhalangesOutlinesCorrect,0.7377622377622378
SPARTAN,cosine_similarity,Phoneme,0.2241561181434599
SPARTAN,cosine_similarity,PickupGestureWiimoteZ,0.54
SPARTAN,cosine_similarity,PigAirwayPressure,0.2788461538461538
SPARTAN,cosine_similarity,PigArtPressure,0.971153846153846
SPARTAN,cosine_similarity,PigCVP,0.7932692307692307
SPARTAN,cosine_similarity,PLAID,0.74487895716946
SPARTAN,cosine_similarity,Plane,0.9904761904761904
SPARTAN,cosine_similarity,PowerCons,0.8388888888888889
SPARTAN,cosine_similarity,ProximalPhalanxOutlineAgeGroup,0.775609756097561
SPARTAN,cosine_similarity,ProximalPhalanxOutlineCorrect,0.7938144329896907
SPARTAN,cosine_similarity,ProximalPhalanxTW,0.7024390243902439
SPARTAN,cosine_similarity,RefrigerationDevices,0.4666666666666667
SPARTAN,cosine_similarity,Rock,0.64
SPARTAN,cosine_similarity,ScreenType,0.5013333333333333
SPARTAN,cosine_similarity,SemgHandGenderCh2,0.73
SPARTAN,cosine_similarity,SemgHandMovementCh2,0.44
SPARTAN,cosine_similarity,SemgHandSubjectCh2,0.6755555555555556
SPARTAN,cosine_similarity,ShakeGestureWiimoteZ,0.8
SPARTAN,cosine_similarity,ShapeletSim,0.5777777777777777
SPARTAN,cosine_similarity,ShapesAll,0.8083333333333333
SPARTAN,cosine_similarity,SmallKitchenAppliances,0.52
SPARTAN,cosine_similarity,SmoothSubspace,0.4333333333333333
SPARTAN,cosine_similarity,SonyAIBORobotSurface1,0.7587354409317804
SPARTAN,cosine_similarity,SonyAIBORobotSurface2,0.832109129066107
SPARTAN,cosine_similarity,StarLightCurves,0.950097134531326
SPARTAN,cosine_similarity,Strawberry,0.9432432432432432
SPARTAN,cosine_similarity,SwedishLeaf,0.8224
SPARTAN,cosine_similarity,Symbols,0.9025125628140704
SPARTAN,cosine_similarity,SyntheticControl,0.8766666666666667
SPARTAN,cosine_similarity,ToeSegmentation1,0.8596491228070176
SPARTAN,cosine_similarity,ToeSegmentation2,0.7692307692307693
SPARTAN,cosine_similarity,Trace,0.78
SPARTAN,cosine_similarity,TwoLeadECG,0.9482001755926251
SPARTAN,cosine_similarity,TwoPatterns,0.74725
SPARTAN,cosine_similarity,UMD,0.8263888888888888
SPARTAN,cosine_similarity,UWaveGestureLibraryAll,0.6038525963149078
SPARTAN,cosine_similarity,UWaveGestureLibraryX,0.5784477945281965
SPARTAN,cosine_similarity,UWaveGestureLibraryY,0.5150753768844221
SPARTAN,cosine_similarity,UWaveGestureLibraryZ,0.5734226689000559
SPARTAN,cosine_similarity,Wafer,0.982478909798832
SPARTAN,cosine_similarity,Wine,0.5925925925925926
SPARTAN,cosine_similarity,WordSynonyms,0.3667711598746082
SPARTAN,cosine_similarity,Worms,0.6623376623376623
SPARTAN,cosine_similarity,WormsTwoClass,0.7272727272727273
SPARTAN,cosine_similarity,Yoga,0.8236666666666667
SPARTAN,kl,ACSF1,0.59
SPARTAN,kl,Adiac,0.5166240409207161
SPARTAN,kl,AllGestureWiimoteX,0.28
SPARTAN,kl,AllGestureWiimoteY,0.4528571428571428
SPARTAN,kl,AllGestureWiimoteZ,0.3328571428571428
SPARTAN,kl,ArrowHead,0.7942857142857143
SPARTAN,kl,Beef,0.7333333333333333
SPARTAN,kl,BeetleFly,0.65
SPARTAN,kl,BirdChicken,0.9
SPARTAN,kl,BME,0.5733333333333334
SPARTAN,kl,Car,0.5666666666666667
SPARTAN,kl,CBF,0.9422222222222222
SPARTAN,kl,Chinatown,0.8571428571428571
SPARTAN,kl,ChlorineConcentration,0.6044270833333333
SPARTAN,kl,CinCECGTorso,0.4847826086956521
SPARTAN,kl,Coffee,0.9285714285714286
SPARTAN,kl,Computers,0.716
SPARTAN,kl,CricketX,0.4205128205128205
SPARTAN,kl,CricketY,0.4282051282051282
SPARTAN,kl,CricketZ,0.4051282051282051
SPARTAN,kl,Crop,0.6066071428571429
SPARTAN,kl,DiatomSizeReduction,0.8660130718954249
SPARTAN,kl,DistalPhalanxOutlineAgeGroup,0.6402877697841727
SPARTAN,kl,DistalPhalanxOutlineCorrect,0.6521739130434783
SPARTAN,kl,DistalPhalanxTW,0.7050359712230215
SPARTAN,kl,DodgerLoopDay,0.1375
SPARTAN,kl,DodgerLoopGame,0.6086956521739131
SPARTAN,kl,DodgerLoopWeekend,0.5652173913043478
SPARTAN,kl,Earthquakes,0.6402877697841727
SPARTAN,kl,ECG200,0.85
SPARTAN,kl,ECG5000,0.8973333333333333
SPARTAN,kl,ECGFiveDays,0.7630662020905923
SPARTAN,kl,ElectricDevices,0.5221112696148359
SPARTAN,kl,EOGHorizontalSignal,0.3342541436464088
SPARTAN,kl,EOGVerticalSignal,0.2265193370165746
SPARTAN,kl,EthanolLevel,0.282
SPARTAN,kl,FaceAll,0.6869822485207101
SPARTAN,kl,FaceFour,0.7954545454545454
SPARTAN,kl,FacesUCR,0.7960975609756098
SPARTAN,kl,FiftyWords,0.3098901098901099
SPARTAN,kl,Fish,0.6514285714285715
SPARTAN,kl,FordA,0.6310606060606061
SPARTAN,kl,FordB,0.6
SPARTAN,kl,FreezerRegularTrain,0.8968421052631579
SPARTAN,kl,FreezerSmallTrain,0.8003508771929825
SPARTAN,kl,Fungi,0.4731182795698925
SPARTAN,kl,GestureMidAirD1,0.4846153846153846
SPARTAN,kl,GestureMidAirD2,0.4769230769230769
SPARTAN,kl,GestureMidAirD3,0.2230769230769231
SPARTAN,kl,GesturePebbleZ1,0.5406976744186046
SPARTAN,kl,GesturePebbleZ2,0.4746835443037974
SPARTAN,kl,GunPoint,0.96
SPARTAN,kl,GunPointAgeSpan,0.9620253164556962
SPARTAN,kl,GunPointMaleVersusFemale,0.990506329113924
SPARTAN,kl,GunPointOldVersusYoung,0.9301587301587302
SPARTAN,kl,Ham,0.6
SPARTAN,kl,HandOutlines,0.6756756756756757
SPARTAN,kl,Haptics,0.3279220779220779
SPARTAN,kl,Herring,0.4375
SPARTAN,kl,HouseTwenty,0.865546218487395
SPARTAN,kl,InlineSkate,0.2327272727272727
SPARTAN,kl,InsectEPGRegularTrain,0.7349397590361446
SPARTAN,kl,InsectEPGSmallTrain,0.7630522088353414
SPARTAN,kl,InsectWingbeatSound,0.1904040404040404
SPARTAN,kl,ItalyPowerDemand,0.9057337220602528
SPARTAN,kl,LargeKitchenAppliances,0.5706666666666667
SPARTAN,kl,Lightning2,0.7049180327868853
SPARTAN,kl,Lightning7,0.5753424657534246
SPARTAN,kl,Mallat,0.71727078891258
SPARTAN,kl,Meat,0.8333333333333334
SPARTAN,kl,MedicalImages,0.625
SPARTAN,kl,MelbournePedestrian,0.7347273472734728
SPARTAN,kl,MiddlePhalanxOutlineAgeGroup,0.5714285714285714
SPARTAN,kl,MiddlePhalanxOutlineCorrect,0.6323024054982818
SPARTAN,kl,MiddlePhalanxTW,0.5324675324675324
SPARTAN,kl,MixedShapesRegularTrain,0.7228865979381444
SPARTAN,kl,MixedShapesSmallTrain,0.7183505154639175
SPARTAN,kl,MoteStrain,0.8921725239616614
SPARTAN,kl,NonInvasiveFetalECGThorax1,0.1638676844783715
SPARTAN,kl,NonInvasiveFetalECGThorax2,0.2157760814249364
SPARTAN,kl,OliveOil,0.8333333333333334
SPARTAN,kl,OSULeaf,0.6322314049586777
SPARTAN,kl,PhalangesOutlinesCorrect,0.7062937062937062
SPARTAN,kl,Phoneme,0.1640295358649789
SPARTAN,kl,PickupGestureWiimoteZ,0.38
SPARTAN,kl,PigAirwayPressure,0.1923076923076923
SPARTAN,kl,PigArtPressure,0.9423076923076924
SPARTAN,kl,PigCVP,0.3365384615384615
SPARTAN,kl,PLAID,0.6778398510242085
SPARTAN,kl,Plane,1.0
SPARTAN,kl,PowerCons,0.8388888888888889
SPARTAN,kl,ProximalPhalanxOutlineAgeGroup,0.7707317073170732
SPARTAN,kl,ProximalPhalanxOutlineCorrect,0.7903780068728522
SPARTAN,kl,ProximalPhalanxTW,0.7121951219512195
SPARTAN,kl,RefrigerationDevices,0.5093333333333333
SPARTAN,kl,Rock,0.6
SPARTAN,kl,ScreenType,0.52
SPARTAN,kl,SemgHandGenderCh2,0.5566666666666666
SPARTAN,kl,SemgHandMovementCh2,0.2422222222222222
SPARTAN,kl,SemgHandSubjectCh2,0.4644444444444444
SPARTAN,kl,ShakeGestureWiimoteZ,0.56
SPARTAN,kl,ShapeletSim,0.5833333333333334
SPARTAN,kl,ShapesAll,0.6583333333333333
SPARTAN,kl,SmallKitchenAppliances,0.5413333333333333
SPARTAN,kl,SmoothSubspace,0.4466666666666666
SPARTAN,kl,SonyAIBORobotSurface1,0.7537437603993344
SPARTAN,kl,SonyAIBORobotSurface2,0.7880377754459601
SPARTAN,kl,StarLightCurves,0.9343127731908694
SPARTAN,kl,Strawberry,0.9432432432432432
SPARTAN,kl,SwedishLeaf,0.8416
SPARTAN,kl,Symbols,0.9276381909547738
SPARTAN,kl,SyntheticControl,0.9233333333333332
SPARTAN,kl,ToeSegmentation1,0.8552631578947368
SPARTAN,kl,ToeSegmentation2,0.8307692307692308
SPARTAN,kl,Trace,0.92
SPARTAN,kl,TwoLeadECG,0.95171202809482
SPARTAN,kl,TwoPatterns,0.68725
SPARTAN,kl,UMD,0.8958333333333334
SPARTAN,kl,UWaveGestureLibraryAll,0.2822445561139028
SPARTAN,kl,UWaveGestureLibraryX,0.4963707426018984
SPARTAN,kl,UWaveGestureLibraryY,0.4491903964265773
SPARTAN,kl,UWaveGestureLibraryZ,0.4818537130094919
SPARTAN,kl,Wafer,0.9742050616482804
SPARTAN,kl,Wine,0.5925925925925926
SPARTAN,kl,WordSynonyms,0.2648902821316614
SPARTAN,kl,Worms,0.4675324675324675
SPARTAN,kl,WormsTwoClass,0.5844155844155844
SPARTAN,kl,Yoga,0.783
